Id_station;code_Hydro;nom_station;longitude;latitude;X_Lambert93 (m);Y_Lambert93 (m);X_Lambert2etendu (m);Y_Lambert2etendu (m)
0;M624001000;LA-LOIRE-[TOTALE]-A-NANTES-[SAINT-FELIX];-1.538868;47.211681;356648;6688914;306500;2253500
1;M530001010;LA-LOIRE-A-MONTJEAN-SUR-LOIRE;-0.861211;47.392303;408800;6706316;359000;2270000
2;L800001020;LA-LOIRE-A-SAUMUR;-0.075429;47.262417;467516;6689246;418500;2253500
3;K683002101;LA-LOIRE-A-LA-CHAPELLE-SUR-LOIRE;0.224111;47.247040;490077;6686661;439500;2252500
4;K683002001;LA-LOIRE-A-LANGEAIS;0.405306;47.319859;504030;6694240;453000;2260000
5;O900001002;LA-GARONNE-A-TONNEINS;0.301147;44.388927;478883;6372027;431000;1936000
6;K480001001;LA-LOIRE-A-ONZAIN-[PONT-DE-CHAUMONT];1.190335;47.485577;563725;6711031;513500;2277500
7;K447001001;LA-LOIRE-A-BLOIS;1.335148;47.584957;575006;6721730;525000;2288000
8;K415001010;LA-LOIRE-A-CHATILLON-SUR-LOIRE;2.767478;47.591614;682329;6721730;633000;2288000
9;K400001010;LA-LOIRE-A-COURS-LES-BARRES-[GIVRY];3.072113;47.015995;705468;6657183;655000;2224000
10;O614001001;LA-GARONNE-A-LAMAGISTERE;0.830161;44.120140;526354;6338067;477000;1904000
11;O600001001;LA-GARONNE-A-MALAUSE;0.984613;44.083908;538705;6333669;491000;1898000
12;U472002001;LA-SAONE-A-LYON-[PONT-LA-FEUILLEE];4.829400;45.766388;842191;6520134;793000;2088000
13;U470001001;LA-SAONE-A-TREVOUX;4.773080;45.939198;837359;6539259;789000;2108000
14;U331001001;LA-SAONE-A-TOURNUS;4.917976;46.555481;847038;6608018;797000;2176000
15;U312001001;LA-SAONE-A-CHALON-SUR-SAONE;4.875048;46.788010;843061;6633632;793000;2202000
16;V300002001;LE-RHONE-A-LYON-[PONT-MORAND];4.838586;45.768227;842993;6520427;795000;2088000
17;L700061001;LA-VIENNE-A-NOUATRE;0.544852;47.050102;513672;6663983;463000;2230000
18;U310001002;LA-SAONE-A-VERDUN-SUR-LE-DOUBS;5.022753;46.902096;853963;6646629;805500;2214500
19;K193001010;LA-LOIRE-A-NEVERS;3.165332;46.982811;712533;6653726;663500;2220500
20;O590101002;LE-TARN-A-MOISSAC-[SAINTE-LIVRADE];1.165946;44.117138;553117;6336946;507000;1902000
21;O290002001;LA-GARONNE-A-SAINT-AIGNAN-[TRES-CASSES];1.078560;44.022640;545843;6327116;499000;1892000
22;K170001010;LA-LOIRE-A-DECIZE;3.456656;46.823261;734865;6635951;685000;2204000
23;K365081001;L'ALLIER-A-CUFFY;3.069838;46.946579;705317;6649373;655500;2216500
24;K357081010;L'ALLIER-A-LIVRY-[PONT-DU-VEURDRE];3.048922;46.758465;703629;6628720;654500;2195500
25;O262002002;LA-GARONNE-A-VERDUN-SUR-GARONNE;1.242179;43.854637;558767;6307629;513000;1870000
26;K672000201;LE-CHER-A-SAVONNIERES;0.545781;47.348759;514746;6697149;465000;2262000
27;K671091001;LE-CHER-A-TOURS-[PONT-SAINT-SAUVEUR];0.678009;47.373104;524858;6699463;477000;2264000
28;K144001010;LA-LOIRE-A-GILLY-SUR-LOIRE;3.766203;46.538029;758717;6604573;709500;2172500
29;K345081001;L'ALLIER-A-MOULINS;3.325951;46.561119;724917;6606873;675000;2174000
30;X331001001;LA-DURANCE-A-CAVAILLON;5.032432;43.827488;863332;6305158;817000;1874000
31;X302001001;LA-DURANCE-A-MEYRARGUES-[PONT-PERTUIS];5.494158;43.665951;901149;6288451;855000;1856000
32;K340081001;L'ALLIER-A-CHATEL-DE-NEUVRE;3.316919;46.402195;724478;6589176;675000;2156000
33;W354001000;L'ISERE-A-BEAUMONT-MONTEUX;4.912853;45.016140;850673;6437036;803000;2004000
34;X300101301;LA-DURANCE-A-CADARACHE;5.731108;43.711422;920117;6294073;875000;1864000
35;U142001001;LA-SAONE-A-PAGNY-LA-VILLE-[LECHATELET];5.149224;47.066765;863116;6665236;813000;2234000
36;K650091001;LE-CHER-A-CHATILLON-SUR-CHER;1.488143;47.270248;585706;6686666;535500;2252500
37;V102002100;LE-RHONE-A-INJOUX-GENISSIAT-[BOGNES];5.809058;46.038044;917205;6552562;869000;2122000
38;A850061001;LA-MOSELLE-A-UCKANGE;6.172719;49.316715;930739;6917587;879000;2488000
39;O848153002;LE-LOT-A-VILLENEUVE-SUR-LOT-[55M];0.712488;44.401169;518223;6369504;473000;1934000
40;V100001001;LE-RHONE-A-POUGNY;5.963665;46.143959;928800;6564753;881000;2132000
41;L320062001;LA-VIENNE-A-INGRANDES;0.563578;46.877071;514512;6644791;465000;2210000
42;O200001001;LA-GARONNE-A-PORTET-SUR-GARONNE;1.415287;43.526123;571847;6270958;525000;1836000
43;W320001001;L'ISERE-A-SAINT-GERVAIS-[LE-PORT];5.466768;45.208027;893626;6459547;845000;2028000
44;P258001001;LA-DORDOGNE-A-SIORAC-EN-PERIGORD;0.990436;44.827076;541089;6416168;493000;1982000
45;W302000301;L'ISERE-A-VEUREY-VOROIZE;5.620838;45.272011;905480;6467039;857000;2036000
46;K118001010;LA-LOIRE-A-DIGOIN;3.983036;46.478168;775417;6597973;726500;2165500
47;O843000101;LE-LOT-A-CAHORS;1.444115;44.448826;576198;6373417;529000;1940000
48;O493101001;LE-TARN-A-VILLEMUR-SUR-TARN;1.495663;43.880424;579067;6310157;533000;1876000
49;K313000200;L'ALLIER-A-BILLY;3.422216;46.234787;732537;6570634;683000;2138000
50;K303081001;L'ALLIER-A-SAINT-YORRE;3.459129;46.062206;735617;6551373;687000;2118000
51;U112001001;LA-SAONE-A-AUXONNE;5.378932;47.190487;879923;6679281;831000;2248000
52;P238001001;LA-DORDOGNE-A-CENAC-ET-SAINT-JULIEN-[CENAC];1.204297;44.805233;557951;6413530;511000;1980000
53;X131001001;LA-DURANCE-A-LA-BRILLANNE-[ANCIENNE-PRISE];5.893978;43.934662;932382;6319250;887000;1888000
54;L602071001;LA-CREUSE-A-LEUGNY;0.703836;46.909534;525230;6647999;475000;2214000
55;M153161010;LE-LOIR-A-DURTAL;-0.245142;47.669491;456600;6734802;407000;2300000
56;Q312001002;L'ADOUR-A-SAINT-VINCENT-DE-PAUL;-0.999457;43.734451;377799;6300833;327000;1862000
57;P230001001;LA-DORDOGNE-A-SOUILLAC-[LANZAC];1.484331;44.882462;580395;6421435;533000;1988000
58;U273201001;LE-DOUBS-A-NAVILLY;5.150351;46.939640;863494;6651044;815000;2220000
59;M068061010;LA-SARTHE-A-SAINT-DENIS-D'ANJOU-[BEFFES];-0.385897;47.803162;446729;6749673;397000;2316000
60;U272201001;LE-DOUBS-A-NEUBLANS-ABERGEMENT;5.350736;46.922497;878870;6649613;829000;2218000
61;K279081001;L'ALLIER-A-LIMONS;3.447805;45.969471;734617;6541073;685000;2108000
62;O797151001;LE-LOT-A-FAYCELLES;2.015665;44.556522;621848;6384624;575000;1950000
63;A701061001;LA-MOSELLE-A-CUSTINES;6.121750;48.789669;929434;6858933;879000;2428000
64;X113000101;LA-DURANCE-A-ORAISON-[ESCALE];6.012838;44.086594;941222;6336557;895000;1906000
65;O791151001;LE-LOT-A-LIVINHAC-LE-HAUT;2.231433;44.584370;638857;6387678;589000;1954000
66;K079001010;LA-LOIRE-A-BALBIGNY;4.182092;45.816048;791774;6524760;743000;2092000
67;M134161010;LE-LOIR-A-FLEE-[PORT-GAUTIER];0.479911;47.710697;511084;6737550;461000;2300000
68;W141001001;L'ISERE-A-GRENOBLE;5.724998;45.192989;917317;6459173;867000;2028000
69;P165001001;LA-DORDOGNE-A-ALTILLAC-[BEAULIEU];1.844209;44.977474;608853;6431588;561000;1998000
70;P163001001;LA-DORDOGNE-A-BRIVEZAC;1.853665;45.010124;609683;6435178;561000;2002000
71;U082001001;LA-SAONE-A-GRAY;5.590932;47.449650;895164;6708629;845000;2278000
72;K268081001;L'ALLIER-A-VIC-LE-COMTE;3.201914;45.660950;715690;6506920;667000;2074000
73;O082001001;LA-GARONNE-A-MURET;1.328315;43.458225;564593;6263527;518500;1828500
74;K268082001;L'ALLIER-A-COUDES;3.210562;45.615017;716445;6501719;667000;2068000
75;M050061010;LA-SARTHE-A-SPAY-[AMONT];0.144678;47.912708;486807;6760787;437000;2326000
76;U255201001;LE-DOUBS-A-DOLE;5.492604;47.088661;889222;6668310;839000;2236000
77;O588251001;L'AVEYRON-A-MONTAUBAN-[LOUBEJAC];1.340483;44.091553;567078;6333932;521000;1900000
78;L120000301;LA-VIENNE-A-LUPSAULT-[JOUSSEAU];0.672388;46.169765;520077;6565745;471000;2132000
79;U254201001;LE-DOUBS-A-ROCHEFORT-SUR-NENON;5.562372;47.122799;894252;6672264;845000;2240000
80;W111001001;L'ISERE-A-MONTMELIAN;6.055664;45.496269;938674;6493129;891000;2062000
81;K069001001;LA-LOIRE-A-MONTROND-LES-BAINS;4.225359;45.643330;795517;6505673;747000;2074000
82;O576251001;L'AVEYRON-A-BRUNIQUEL-[MONTRICOUX];1.616616;44.073109;589235;6331450;543000;1898000
83;O402101001;LE-TARN-A-ALBI-[MAS-LASBORDE];2.121113;43.943150;629468;6316429;583000;1882000
84;O066001001;LA-GARONNE-A-CARBONNE;1.216576;43.290623;555149;6245025;510500;1810500
85;L094061001;LA-VIENNE-A-CONFOLENS;0.670063;46.013298;519709;6548626;471000;2114000
86;W110001001;L'ISERE-A-CHAMOUSSET-[PONT-ROYAL];6.199659;45.562351;949532;6500929;901500;2069500
87;R314001002;LA-CHARENTE-A-SAINT-BRICE;-0.264212;45.683399;445991;6514566;395000;2080000
88;M115161010;LE-LOIR-A-VILLAVARD;0.890288;47.759048;541999;6741990;491000;2308000
89;P138000000;LA-DORDOGNE-A-MONCEAUX-SUR-DORDOGNE;1.929216;45.073204;615735;6442120;567500;2008500
90;U251201001;LE-DOUBS-A-BESANCON;6.029963;47.240273;929249;6686552;879000;2256000
91;M363091010;LA-MAYENNE-A-CHAMBELLAY;-0.679439;47.689461;423544;6737373;373000;2304000
92;O188251001;L'ARIEGE-A-PINSAGUEL-[LACROIX-FALGARDE];1.408489;43.498318;571320;6267666;525000;1834000
93;Q142001001;L'ADOUR-A-AUDON;-0.836261;43.789284;391231;6306417;343000;1870000
94;M360091010;LA-MAYENNE-A-CHATEAU-GONTIER;-0.699043;47.817654;422977;6753466;373000;2318000
95;B315002001;LA-MEUSE-A-STENAY;5.178851;49.494347;857829;6934904;807000;2504000
96;P726151001;L'ISLE-A-ABZAC;-0.126076;45.021729;453874;6440668;405000;2006000
97;R222001001;LA-CHARENTE-A-VINDELLE-[LA-COTE];0.101979;45.705025;474577;6515829;425000;2080000
98;U241201001;LE-DOUBS-A-CLERVAL;6.502831;47.381573;964271;6703737;915000;2274000
99;U061001001;LA-SAONE-A-RAY-SUR-SAONE;5.826140;47.576527;912378;6723370;863000;2292000
100;A931109050;LA-SARRE-A-SARREGUEMINES-[WELFERDING];7.044142;49.122383;995139;6898741;943000;2468000
101;P427101001;LA-VEZERE-A-CAMPAGNE;0.959600;44.903934;538863;6424778;491000;1990000
102;V294201001;L'AIN-A-CHAZEY-SUR-AIN;5.234015;45.906387;873205;6536554;825000;2104000
103;M112481601;LE-LOIR-A-MOREE;1.212904;47.917568;566523;6758974;517000;2324000
104;X050551301;LA-DURANCE-A-ESPINASSES-[SERRE-PONCON];6.280931;44.475163;960882;6380543;913000;1948000
105;W283201100;LE-DRAC-A-FONTAINE;5.694488;45.202091;911517;6459473;863500;2027500
106;U060001001;LA-SAONE-A-SCEY-SUR-SAONE-ET-SAINT-ALBIN-[SAINT-ALBIN];5.970441;47.641777;922937;6731074;873000;2300000
107;K540092001;LE-CHER-A-SAINT-AMAND-MONTROND;2.490608;46.725914;661133;6625281;611000;2192000
108;W283201001;LE-DRAC-AU-PONT-DE-CLAIX;5.697007;45.119740;912027;6449998;863000;2018000
109;O171251001;L'ARIEGE-A-AUTERIVE;1.466145;43.369015;575597;6253445;529000;1818000
110;U240201001;LE-DOUBS-A-VOUJEAUCOURT;6.761440;47.478615;983059;6715466;933000;2284000
111;L070061001;LA-VIENNE-A-VERNEUIL-SUR-VIENNE-[PONT-DE-LA-GABIE];1.098527;45.841560;552415;6528671;503000;2094000
112;A573061001;LA-MOSELLE-A-TOUL;5.896402;48.669765;913324;6844980;863000;2414000
113;P718152002;L'ISLE-A-SAINT-LAURENT-DES-HOMMES-[BENEVENT];0.247418;45.027847;483245;6440425;435000;2006000
114;L471071001;LA-CREUSE-A-CIRON-[SCOURY];1.289224;46.632484;569130;6616159;519000;2182000
115;K754000501;L'INDRE-A-BREHEMONT;0.352330;47.281715;499899;6690177;449500;2255500
116;J750061001;LA-VILAINE-A-GUICHEN-[LE-BOEL];-1.755066;47.992901;345619;6776484;294500;2340500
117;O769251001;LA-TRUYERE-A-ENTRAYGUES-SUR-TRUYERE;2.566537;44.649780;665991;6394843;617500;1961500
118;Y142201001;L'AUDE-A-PUICHERIC;2.626561;43.221893;669649;6235875;623000;1802000
119;K055001010;LA-LOIRE-A-BAS-EN-BASSET;4.117993;45.295231;787717;6466873;739500;2034500
120;K139181001;L'ARROUX-A-DIGOIN;3.989245;46.494965;775827;6599932;726500;2167500
121;O560251001;L'AVEYRON-A-LAGUEPIE-;1.953743;44.150688;616276;6339615;569000;1906000
122;P712151001;L'ISLE-A-MUSSIDAN;0.369856;45.039032;492942;6441145;445000;2006000
123;K243081001;L'ALLIER-A-AGNAT-[PONT-D'AUZON];3.356327;45.385639;727920;6476344;679000;2044000
124;M334091010;LA-MAYENNE-A-L'HUISSERIE-[BONNE];-0.740966;48.012222;421252;6774666;371000;2340000
125;L250161001;LE-CLAIN-A-DISSAY;0.422729;46.702576;503062;6625701;453000;2192000
126;Y644201001;LE-VAR-A-NICE-[PONT-NAPOLEON-III];7.200065;43.664925;1038553;6293958;993500;1864500
127;Y644000000;LE-VAR-A-CARROS-[PONT-DE-LA-MANDA];7.204444;43.765137;1038452;6305248;992500;1874500
128;A692101001;LA-MEURTHE-A-LANEUVEVILLE-DEVANT-NANCY;6.272227;48.642506;941090;6843042;890500;2412500
129;V271201001;L'AIN-A-PONT-D'AIN;5.336428;46.047081;880634;6552377;832500;2120500
130;M025061020;LA-SARTHE-A-SOUILLE;0.186667;48.116158;490676;6783287;441000;2344000
131;O347000101;LE-TARN-A-SAINT-VICTOR-ET-MELVIEU-[PINET];2.804362;44.070206;684327;6330153;637000;1896000
132;E183041001;L'ESCAUT-A-CONDE-SUR-L'ESCAUT;3.586249;50.440731;742006;7038922;689000;2606000
133;Q550101001;LE-GAVE-DE-PAU-A-BERENX-[PONT-DE-BERENX];-0.853240;43.508751;388378;6275273;341000;1838000
134;Y237002001;L'HERAULT-A-AGDE-[BASSIN-ROND];3.477855;43.325977;738476;6247881;691500;1813500
135;B222001001;LA-MEUSE-A-SAINT-MIHIEL;5.530634;48.870991;885625;6866405;835000;2434000
136;Y531201001;L'ARGENS-A-ROQUEBRUNE-SUR-ARGENS;6.633064;43.449749;994075;6267971;947000;1838000
137;Q259331001;LA-MIDOUZE-A-CAMPAGNE;-0.659127;43.907635;406118;6318881;359000;1884000
138;P400101001;LA-VEZERE-A-LARCHE;1.416129;45.123291;575525;6448351;527000;2014000
139;J850231002;L'OUST-A-SAINT-GRAVE-[ECHUSE-LE-GUELIN];-2.256962;47.739105;306640;6751119;255000;2314000
140;O769251101;LA-TRUYERE-A-SAINTE-GENEVIEVE-SUR-ARGENCE-[SARRANS];2.731050;44.825897;678741;6414118;631000;1982000
141;K338201001;LA-SIOULE-A-SAINT-POURCAIN-SUR-SIOULE;3.296513;46.309258;722893;6578998;673000;2146000
142;Q741291001;LE-GAVE-D'OLORON-A-ESCOS;-0.993828;43.440449;376632;6268177;329000;1832000
143;Y237001001;L'HERAULT-A-FLORENSAC;3.447875;43.384670;736232;6254293;691000;1822000
144;L453000201;LA-CREUSE-A-EGUZON-CHANTOME;1.612920;46.454411;593541;6595872;543000;2162000
145;Q074001001;L'ADOUR-A-CORNEILLAN;-0.170390;43.663406;444340;6289996;397000;1854000
146;O469251003;L'AGOUT-A-LAVAUR-[PONT-DE-LAVAUR];1.822910;43.701405;605170;6289860;559000;1856000
147;L040061001;LA-VIENNE-AU-PALAIS-SUR-VIENNE;1.326285;45.860226;570114;6530322;521000;2096000
148;B213001001;LA-MEUSE-A-COMMERCY;5.602962;48.768318;891325;6855163;841000;2424000
149;K134181001;L'ARROUX-A-RIGNY-SUR-ARROUX;4.034500;46.534573;779162;6604300;731000;2172000
150;K233081001;L'ALLIER-A-VIEILLE-BRIOUDE;3.408877;45.260990;731999;6462422;683000;2030000
151;K649251001;LA-SAULDRE-A-SELLES-SUR-CHER;1.534966;47.286491;589318;6688435;539500;2254500
152;V506401001;L'ARDECHE-A-SAINT-MARTIN-D'ARDECHE-[SAUZE-SAINT-MARTIN];4.551118;44.314003;823628;6358543;777000;1926000
153;O020002001;LA-GARONNE-[PARTIELLE]-A-SAINT-GAUDENS-[VALENTINE];0.706151;43.097996;513226;6224796;461000;1790000
154;O020004002;LA-GARONNE-[TOTALE]-A-SAINT-GAUDENS-[VALENTINE---RECENT];0.711438;43.095318;513424;6224594;467000;1790000
155;U222201001;LE-DOUBS-A-MATHAY;6.785878;47.440376;985221;6711250;935000;2280000
156;X031001001;LA-DURANCE-A-EMBRUN-[LA-CLAPIERE];6.498010;44.555355;976946;6389795;929000;1958000
157;I352102001;L'ORNE-A-THURY-HARCOURT;-0.482778;48.989498;445222;6882299;393000;2448000
158;K619242001;L'ARNON-A-MEREAU-[ALNAY];2.032453;47.180515;626286;6676035;577000;2242000
159;M323091010;LA-MAYENNE-A-SAINT-BAUDELLE;-0.628936;48.281513;430888;6804067;379000;2368000
160;L234161001;LE-CLAIN-A-POITIERS-[PONT-SAINT-CYPRIEN];0.345826;46.575459;496753;6611864;447000;2178000
161;O718151001;LE-LOT-A-ESTAING;2.670735;44.552685;673890;6383787;627000;1950000
162;U108401001;L'OGNON-A-PESMES;5.545017;47.293198;892316;6691166;843000;2260000
163;Q250331001;LA-MIDOUZE-A-MONT-DE-MARSAN-;-0.503095;43.890972;418585;6316481;370500;1880500
164;K571231001;L'YEVRE-A-FOECY;2.169076;47.187202;636983;6676544;587000;2244000
165;P831252001;LA-DRONNE-A-BONNES;0.151272;45.238476;476546;6463959;429000;2028000
166;V505401001;L'ARDECHE-A-VALLON-PONT-D'ARC;4.384814;44.399311;810318;6367548;763000;1936000
167;M042151010;L'HUISNE-A-MONTFORT-LE-GESNOIS-[LA-PECARDIERE];0.405299;48.041599;506693;6774461;457000;2340000
168;L541181001;LA-GARTEMPE-A-MONTMORILLON;0.869247;46.423275;536369;6593650;487000;2160000
169;Y230002001;L'HERAULT-A-ASPIRAN;3.470101;43.570381;738101;6274456;691000;1842000
170;P700151001;L'ISLE-A-BASSILAC-[CHARRIERAS];0.804621;45.202816;527652;6458340;479000;2024000
171;L232440000;LE-CLAIN-A-ITEUIL;0.306456;46.470081;493359;6600202;443000;2166000
172;Y624000101;LE-VAR-A-MALAUSSENE-[LA-MESCLA];7.194341;43.908794;1036792;6321146;991000;1890000
173;O137251002;L'ARIEGE-A-SAVERDUN-;1.577842;43.231949;584359;6237989;539000;1804000
174;X281121101;LE-VERDON-A-VINON-SUR-VERDON-[VINON-GREOUX];5.826040;43.730083;927690;6296414;881000;1864000
175;U346401001;LA-SEILLE-A-LOUHANS;5.219372;46.629662;869696;6616817;820500;2185500
176;K132181010;L'ARROUX-A-ETANG-SUR-ARROUX-[PONT-DU-TACOT];4.192479;46.851460;790853;6639673;741000;2208000
177;W107401001;L'ARC-A-EPIERRE;6.292169;45.460289;957229;6489872;909000;2058000
178;O760000201;LA-TRUYERE-A-NEUVEGLISE-[GRANDVAL];3.073582;44.923084;705806;6424879;658500;1991500
179;K230081001;L'ALLIER-A-LANGEAC;3.490293;45.116776;738617;6446473;691000;2014000
180;Y123201002;L'AUDE-A-CARCASSONNE-[PONT-NEUF];2.361734;43.215633;647965;6235059;603000;1802000
181;W107403100;L'ARC-A-SAINT-REMY-DE-MAURIENNE;6.274518;45.389496;956162;6481988;909000;2050000
182;U265401001;LA-LOUE-[TOTALE]-A-PARCEY;5.496705;47.014584;889633;6660149;841000;2228000
183;A161003001;L'ILL-A-COLMAR-[LADHOF];7.384986;48.102531;1026250;6787041;975000;2356000
184;Y520201001;L'ARGENS-AUX-ARCS;6.471790;43.446491;980980;6266986;935000;1836000
185;B115001001;LA-MEUSE-A-DOMREMY-LA-PUCELLE;5.676029;48.439999;897909;6818829;847000;2406000
186;K731261001;L'INDRE-A-SAINT-CYRAN-DU-JAMBOT;1.127078;47.016872;557697;6659120;509000;2226000
187;V022000202;L'ARVE-A-ARTHAZ-PONT-NOTRE-DAME;6.271046;46.149887;952394;6566347;903000;2136000
188;K522090001;LE-CHER-A-LAVAULT-SAINTE-ANNE;2.602513;46.312336;669439;6579249;621000;2146000
189;O723403101;LE-LOT-A-LASSOUTS-[CASTELNAU];2.867022;44.503342;689428;6378262;643000;1944000
190;S224251001;L'EYRE-A-SALLES;-0.871545;44.548130;392622;6390720;345000;1954000
191;K332201001;LA-SIOULE-A-EBREUIL;3.094394;46.116306;707323;6557348;659000;2124000
192;L574191001;L'ANGLIN-A-MERIGNY;0.924295;46.630508;541255;6616491;491000;2182000
193;K520090201;LE-CHER-A-TEILLET-ARGENTY;2.535101;46.241516;664178;6571400;615000;2138000
194;X260201001;LE-VERDON-A-SAINTE-CROIX;6.134142;43.736835;952417;6298173;907000;1866000
195;W030000201;L'ISERE-A-AIGUEBLANCHE;6.513498;45.496586;974317;6494673;926500;2063500
196;V718501801;LE-GARD-A-SANILHAC-SAGRIES-[LA-BAUME];4.429600;43.938702;814779;6316561;769000;1884000
197;O059251001;LE-SALAT-A-ROQUEFORT-SUR-GARONNE;0.973925;43.154442;535150;6230507;489000;1796000
198;O529251001;L'AVEYRON-A-LAGUEPIE-;1.973650;44.151836;617875;6339702;570500;1905500
199;O557291001;LE-VIAUR-A-LAGUEPIE;1.969239;44.142796;617667;6338705;570500;1904500
200;K298191001;LA-DORE-A-DORAT;3.477694;45.891178;736988;6532518;689000;2100000
201;Q504101001;LE-GAVE-DE-PAU-A-ASSAT-[PONT-D'ASSAT];-0.307872;43.244423;431274;6243953;385000;1808000
202;W106000301;L'ARC-A-HERMILLON;6.353492;45.297501;962770;6472040;915000;2042000
203;L922000101;L'AUTHION-AUX-PONTS-DE-CE-[PONT-BOURGUIGNON];-0.528519;47.430634;434106;6709306;383000;2274000
204;K177301001;L'ARON-A-VERNEUIL;3.575832;46.851902;743985;6639171;695000;2206000
205;O555291001;LE-VIAUR-A-BOR-ET-BAR-[PONT-DU-DIABLE];2.103330;44.191753;628300;6344010;581000;1910000
206;I221103001;LA-DIVES-A-VARAVILLE;-0.108653;49.254921;473541;6910850;421500;2475500
207;M040151010;L'HUISNE-A-CHERRE-[LES-AJEUX];0.642991;48.164215;524788;6787502;475000;2354000
208;K330201001;LA-SIOULE-A-CHATEAUNEUF-LES-BAINS;2.901437;46.029648;692455;6547781;643000;2114000
209;U220201001;LE-DOUBS-A-SOULCE-CERNAY;6.858614;47.326199;991309;6698806;941000;2268000
210;M386181010;L'OUDON-A-ANDIGNE-[PORT-AUX-ANGLAIS];-0.765540;47.667706;417542;6736523;367000;2302000
211;L530181001;LA-GARTEMPE-A-SAINT-BONNET-DE-BELLAC;0.948681;46.184006;541744;6567027;493000;2132000
212;M730242011;LA-SEVRE-NANTAISE-A-CLISSON;-1.281624;47.090729;375263;6674415;325500;2238500
213;U263401001;LA-LOUE-A-CHAMPAGNE-SUR-LOUE;5.814983;47.043549;913668;6664203;865000;2232000
214;U263402001;LA-LOUE-A-PORT-LESNEY;5.823258;47.004227;914430;6659800;865000;2228000
215;V126402301;LE-FIER-A-VALLIERES;5.920362;45.901272;926369;6537696;879000;2106000
216;O166291001;L'HERS-VIF-A-CALMONT;1.595355;43.292484;585914;6244768;539500;1810500
217;O125251001;L'ARIEGE-A-FOIX;1.609016;42.966625;586417;6208473;541000;1774000
218;B611101001;LA-SEMOY-A-HAULME;4.786288;49.862934;828588;6975133;777000;2544000
219;Y258001002;L'ORB-A-BEZIERS-[TABARKA];3.175998;43.370689;714240;6252382;667000;1818000
220;I221101001;LA-DIVES-A-SAINT-PIERRE-DU-JONQUET-[LE-HAM--HERNETOT];-0.103466;49.167892;473660;6900954;423000;2466000
221;M385181010;L'OUDON-A-SEGRE-[ECLUSE-DE-MAINGUE];-0.867985;47.685772;410466;6738879;359500;2303500
222;K329202001;LA-SIOULE-A-SAINT-PRIEST-DES-CHAMPS-[FADES-BESSERVE];2.796074;45.973541;684210;6541556;635000;2108000
223;Q045001001;L'ADOUR-A-CAHUZAC-SUR-ADOUR;-0.019905;43.641090;456303;6287101;409500;1851500
224;A147003001;L'ILL-A-OBERHERGHEIM;7.398568;47.967632;1028119;6772135;977500;2341500
225;K295000101;LA-DORE-A-PESCHADOIRES-[PONT-DE-DORE];3.501647;45.838894;738937;6526706;691000;2094000
226;A788101001;LA-SEILLE-A-METZ-[PONT-LOTHAIRE];6.188151;49.100773;932732;6893684;881500;2462500
227;U105401001;L'OGNON-A-BEAUMOTTE-AUBERTANS;6.180890;47.415852;939813;6706546;891000;2276000
228;U214201001;LE-DOUBS-A-GLERE-[COURCLAVON];7.025987;47.343960;1003823;6701496;955000;2272000
229;L422071001;LA-CREUSE-A-FRESSELINES;1.679069;46.378426;598466;6587337;549500;2153500
230;A843101001;L'ORNE-A-ROSSELANGE;6.072001;49.256393;923584;6910653;873000;2480000
231;J381181001;L'AULNE-A-CHATEAUNEUF-DU-FAOU-[PONT-POL];-3.861513;48.165081;190473;6807119;139000;2370000
232;A443064001;LA-MOSELLE-A-EPINAL;6.452981;48.165665;956628;6790642;907000;2360000
233;R118001001;LA-TARDOIRE-A-COULGENS-[PONT-DE-COULGENS];0.295929;45.812256;490058;6527290;441000;2092000
234;K640250011;LA-SAULDRE-A-SALBRIS;2.033180;47.423405;627112;6703008;577000;2270000
235;O813352001;LE-CELE-A-ORNIAC-[LES-AMIS-DU-CELE];1.679109;44.520191;595043;6380952;549000;1946000
236;O637000201;LE-GERS-A-LAYRAC;0.661122;44.095188;512748;6335683;465000;1900000
237;V547000000;LA-CEZE-A-CHUSCLAN;4.684633;44.146667;834760;6340066;787000;1908000
238;Y511201001;L'ARGENS-A-CARCES-[AVAL];6.196161;43.477856;958626;6269576;912500;1838500
239;L823211001;LE-THOUET-A-SAINTE-RADEGONDE-[VRINES];-0.246205;46.997211;453387;6660284;405000;2224000
240;K329304201;LA-SIOULE-A-MIREMONT-[PONT-DU-BOUCHET];2.769905;45.927765;682168;6536478;633500;2103500
241;O710151001;LE-LOT-A-BANASSAC-[LA-MOTHE];3.198483;44.442551;715746;6371546;669000;1938000
242;U262401001;LA-LOUE-A-CHENECEY-BUILLON;5.957065;47.139351;924055;6675205;875000;2244000
243;A994202002;LA-NIED-A-BOUZONVILLE;6.539043;49.301285;957420;6917057;905000;2486000
244;M104161010;LE-LOIR-A-SAINT-MAUR-SUR-LE-LOIR;1.417776;48.151657;582326;6784625;531000;2350000
245;L014061001;LA-VIENNE-A-SAINT-PRIEST-TAURION;1.402903;45.884956;576131;6532970;527500;2098500
246;V426401001;LA-DROME-A-SAILLANS;5.208735;44.690075;874945;6401462;827000;1970000
247;Q346401001;LE-LUY-A-SAINT-PANDELON;-1.042210;43.676693;374053;6294770;327000;1858000
248;U023001001;LA-SAONE-A-CENDRECOURT;5.931347;47.857529;919145;6754890;869000;2324000
249;Q480101001;LE-GAVE-DE-PAU-A-SAINT-PE-DE-BIGORRE-[PONT-DE-RIEULHES];-0.142823;43.102623;444026;6227666;397000;1790000
250;U235401001;L'ALLAN-A-COURCELLES-LES-MONTBELIARD;6.772998;47.500565;983980;6717956;935000;2288000
251;V232000000;L'AIN-A-CERNON-[VOUGLANS];5.665394;46.397175;904755;6592037;855000;2160000
252;P816252001;LA-DRONNE-A-VILLETOUREIX;0.358623;45.260353;492846;6465723;445000;2030000
253;X104000301;LE-BUECH-A-LARAGNE-MONTEGLIN;5.821692;44.307854;925045;6360572;879000;1930000
254;U124404001;LA-TILLE-A-CHAMPDOTRE;5.299577;47.179363;874116;6677932;825000;2246000
255;P196291001;LA-CERE-A-BIARS-SUR-CERE-[BRETENOUX];1.838161;44.916100;608297;6424799;558500;1990500
256;R022001002;LA-CHARENTE-A-AUNAC-[PONT-D'AUNAC];0.239111;45.919582;486061;6539313;437000;2104000
257;Y213001001;L'HERAULT-A-CAUSSE-DE-LA-SELLE-[MOULIN-DE-BERTRAND];3.664943;43.807499;753512;6301198;707000;1868000
258;Q700291001;LE-GAVE-D'OLORON-A-OLORON-SAINTE-MARIE-[OLORON-SNCF];-0.608088;43.199543;406668;6239960;359000;1804000
259;Y213001002;L'HERAULT-A-PUECHABON;3.618590;43.746391;749857;6294336;703000;1862000
260;O050252002;LE-SALAT-A-SAINT-LIZIER-[SAINT-GIRONS];1.140881;42.991501;548281;6212018;503000;1778000
261;O120251001;L'ARIEGE-A-QUIE;1.605648;42.846939;585898;6195023;540500;1760500
262;I523101001;LA-VIRE-A-MONTMARTIN-EN-GRAIGNES;-1.130631;49.259453;399413;6914457;347000;2480000
263;K467000201;LE-BEUVRON-A-TOUR-EN-SOLOGNE;1.499856;47.539513;587154;6716532;537000;2282000
264;O937251001;LE-DROPT-A-SAINT-SULPICE-DE-GUILLERAGUES;0.053306;44.644726;466413;6398405;419000;1964000
265;V547401001;LA-CEZE-A-LA-ROQUE-SUR-CEZE;4.526653;44.189659;822011;6344571;775000;1912000
266;U212201001;LE-DOUBS-A-GOUMOIS;6.950479;47.271633;998554;6693148;949000;2262000
267;O548291001;LE-VIAUR-A-PAMPELONNE-[THURIES];2.261293;44.126034;640926;6336611;593000;1902000
268;A133003001;L'ILL-A-ENSISHEIM;7.348210;47.866882;1024922;6760770;975000;2330000
269;L032151001;LE-TAURION-A-SAINT-PRIEST-TAURION-[LE-CHAUVAN];1.409804;45.904598;576950;6535361;529000;2102000
270;R614291001;LA-BOUTONNE-A-TORXE-[PONT-DE-TORXE];-0.621731;45.954857;419270;6545559;371000;2110000
271;O425251001;L'AGOUT-A-CASTRES-[CLOT];2.222054;43.593601;638229;6277195;591500;1843500
272;U047401001;LA-LANTERNE-A-FLEUREY-LES-FAVERNEY;6.076203;47.748356;930436;6743200;881000;2312000
273;U211201001;LE-DOUBS-A-FOURNET-BLANCHEROCHE-[LA-RASSE];6.842972;47.154846;991144;6679822;941000;2250000
274;P018000101;LA-DORDOGNE-A-BORT-LES-ORGUES;2.501482;45.412071;661006;6479306;613000;2046000
275;O548293002;LE-VIAUR-A-SAINT-JUST-SUR-VIAUR-[LE-CAMBON];2.365048;44.123749;649214;6336242;602500;1902500
276;I223000101;L'ORNE-A-RABODANGES;-0.249663;48.765148;461209;6856586;405000;2428000
277;O519251003;L'AVEYRON-A-VILLEFRANCHE-DE-ROUERGUE-[RECOULES];2.054888;44.348221;624650;6361423;579000;1928000
278;W276721100;LA-ROMANCHE-AU-BOURG-D'OISANS-[CHAMPEAU];5.976716;45.117748;934014;6450908;887000;2020000
279;L822211001;LE-THOUET-A-MISSE;-0.191249;46.952492;457342;6655156;407000;2220000
280;P320102001;LA-VEZERE-A-SAINT-VIANCE;1.451175;45.217876;578409;6458817;531000;2024000
281;W222000101;LE-DRAC-A-CORPS-[LE-SAUTET];5.907666;44.817429;929817;6417373;883000;1986000
282;K221084201;L'ALLIER-A-MONISTROL-D'ALLIER;3.646930;44.967262;751006;6429992;703000;1998000
283;U303401001;LA-DHEUNE-A-PALLEAU;5.029409;46.951900;854210;6652122;805000;2220000
284;K259301001;L'ALAGNON-A-LEMPDES;3.265552;45.383595;720825;6476105;673000;2044000
285;X013001001;LA-DURANCE-A-L'ARGENTIERE-LA-BESSEE;6.559353;44.776585;981459;6414932;935000;1986000
286;Y046403002;LA-TET-[TOTALE]-A-RODES;2.561791;42.660912;664730;6173586;619000;1740000
287;A631101001;LA-MEURTHE-A-AZERAILLES;6.738613;48.449238;973327;6826574;923000;2396000
288;X045401001;L'UBAYE-AU-LAUZET-UBAYE-[ROCHE-ROUSSE];6.399014;44.449459;970552;6378162;923000;1948000
289;L421071001;LA-CREUSE-A-GLENIC;1.918907;46.223858;616705;6569899;567000;2136000
290;Y046402001;LA-TET-[TOTALE]-A-VINCA;2.547460;42.656860;662828;6173102;617000;1740000
291;P392252002;LA-CORREZE-A-BRIVE-LA-GAILLARDE-[LE-PRIEUR];1.501945;45.162193;582254;6452591;537000;2018000
292;A543101001;LE-MADON-A-PULLIGNY;6.131546;48.545357;931099;6831736;881000;2400000
293;W103000301;L'ARC-A-SAUSSAZ;6.515898;45.210785;975917;6462973;929000;2032000
294;Y136401001;LE-FRESQUEL-A-CARCASSONNE-[PONT-ROUGE];2.372370;43.238445;649087;6237846;603500;1803500
295;Y721000101;LE-GOLO-A-VOLPAJOLA-[BARCHETTA];9.372317;42.506649;1223950;6177475;1179000;1748000
296;J820231001;L'OUST-A-PLEUGRIFFET-[LA-TERTRAIE];-2.640545;47.983585;279493;6779919;229000;2344000
297;K538302101;L'AUMANCE-A-HERISSON-[PONT-DE-LA-ROCHE];2.674327;46.529091;675037;6603282;625000;2170000
298;A782101001;LA-SEILLE-A-NOMENY;6.227788;48.888271;936627;6870164;885000;2440000
299;O314101001;LE-TARN-A-MOSTUEJOULS-[LA-MUSE];3.222334;44.209538;717825;6345754;670500;1911500
300;M522201010;LE-LAYON-A-SAINT-LAMBERT-DU-LATTAY-[PONT-DE-BEZIGON];-0.632307;47.316185;425711;6696984;375000;2262000
301;O422251002;L'AGOUT-A-CASTRES-[TUTELLE];2.261719;43.614868;640349;6279775;593000;1846000
302;U323401001;LA-GROSNE-A-SERCY;4.695129;46.600681;829691;6612563;781000;2180000
303;M005061020;LA-SARTHE-A-SAINT-CENERI-LE-GEREI-[MOULIN-DU-DESERT];-0.023533;48.385887;476239;6813886;423000;2378000
304;W011001001;L'ISERE-A-MOUTIERS;6.530827;45.484295;975842;6493308;927500;2062500
305;P616151101;L'ISLE-A-ESCOIRE;0.838358;45.212418;530358;6459317;482500;2024500
306;Q028003001;L'ADOUR-A-ESTIRAC;0.028681;43.498161;459668;6271090;413000;1836000
307;R512331003;LA-SEUGNE-A-SAINT-SEURIN-DE-PALENNE-[LA-LIJARDIERE];-0.533443;45.622421;424761;6508646;377000;2074000
308;Y255001002;L'ORB-A-VIEUSSAN-[VIEUSSAN-AVAL];2.986112;43.534275;698910;6270592;653000;1838000
309;Y066404001;L'AGLY-A-ESTAGEL-[MAS-DE-JAU];2.730147;42.778240;677824;6186561;633000;1752000
310;L620201002;LA-CLAISE-AU-GRAND-PRESSIGNY;0.812084;46.908283;534019;6647527;485000;2214000
311;E540031001;LA-CANCHE-A-BRIMEUX;1.830838;50.448238;616837;7039592;565000;2606000
312;K258301001;L'ALAGNON-A-LEOTOING-[LANAU];3.219237;45.355835;717196;6472339;669000;2040000
313;U133401001;L'OUCHE-A-TROUHANS;5.279000;47.152924;872692;6675046;823000;2244000
314;P638251001;L'AUVEZERE-AU-CHANGE-[AUBAREDE];0.878666;45.194977;533438;6457293;485000;2022000
315;Q240291001;LA-DOUZE-A-ROQUEFORT;-0.335097;44.034515;432696;6331750;385000;1896000
316;A909106050;LA-SARRE-A-KESKASTEL;7.038975;48.969776;995593;6881947;945000;2452000
317;I522101001;LA-VIRE-A-SAINT-LO-[MOULIN-DES-RONDELLES];-1.091729;49.085274;400658;6895558;349000;2460000
318;J543211001;LE-BLAVET-A-NEULLIAC-[LE-PORZO];-3.004687;48.143276;253942;6796215;203000;2360000
319;K022001001;LA-LOIRE-A-BRIVES-CHARENSAC;3.928910;45.041199;773157;6438396;725000;2006000
320;U104401001;L'OGNON-A-CHASSEY-LES-MONTBOZON-[BONNAL];6.354163;47.507832;952397;6717329;903000;2286000
321;U133402001;L'OUCHE-A-CRIMOLOIS;5.117437;47.266384;860106;6687245;810500;2255500
322;J709063002;LA-VILAINE-A-CESSON-SEVIGNE-[PONT-BRIANT];-1.563749;48.123707;360621;6790252;309000;2354000
323;K518302002;LA-TARDES-A-EVAUX-LES-BAINS;2.445516;46.184055;657230;6565063;607000;2132000
324;L441171001;LA-PETITE-CREUSE-A-FRESSELINES-[PUY-RAGEAUD];1.688999;46.385937;599272;6588130;549500;2154500
325;L620201201;LA-CLAISE-A-CHAUMUSSAY;0.862110;46.871864;537183;6643503;487000;2210000
326;X348402001;LE-COULON-A-OPPEDE-[LA-GARRIGUE];5.161316;43.858028;873753;6308865;831000;1878000
327;Y044401001;LA-TET-A-MARQUIXANES;2.487207;42.645119;657823;6171846;613000;1738000
328;M306091010;LA-MAYENNE-A-AMBRIERES-LES-VALLEES-[CIGNE];-0.586379;48.445248;434934;6822122;383000;2388000
329;O288000101;LA-GIMONE-A-GARGANVILLAR-[CASTELFERRUS];1.111183;43.997772;548513;6323897;501500;1889500
330;M036151010;L'HUISNE-A-NOGENT-LE-ROTROU-[PONT-DE-BOIS];0.813870;48.318501;537919;6804282;487000;2370000
331;P159251001;LA-MARONNE-A-ARGENTAT-[PONT-DE-BASTEYROUX];1.945769;45.083145;616944;6443309;569500;2009500
332;J748301001;LA-SEICHE-A-BRUZ-[CARCE];-1.722288;48.019485;348141;6779361;297000;2344000
333;K610243201;L'ARNON-A-SAINT-BAUDEL-[LES-GOURS];2.167549;46.848846;636569;6639077;587000;2206000
334;K138301001;LA-BOURBINCE-A-VITRY-EN-CHAROLLAIS;4.078511;46.471760;782801;6597475;733000;2166000
335;M711241010;LA-SEVRE-NANTAISE-A-TIFFAUGES-[LA-MOULINETTE];-1.115085;47.019070;387583;6665721;337000;2230000
336;O662000201;LA-BAISE-A-BEAUCAIRE;0.381249;43.852215;489453;6309403;443000;1874000
337;S131501000;LE-CANAL-DES-ETANGS-AU-PORGE;-1.152757;44.840969;371987;6424383;325000;1988000
338;P616151001;L'ISLE-A-MAYAC;0.936674;45.282681;538313;6466844;491000;2032000
339;K287191001;LA-DORE-A-SAINT-GERVAIS-SOUS-MEYMONT-[MAISON-DU-PARC-/-GIROUX-DORE];3.610453;45.689342;747489;6510148;697000;2078000
340;Q219252001;LE-MIDOU-A-MONT-DE-MARSAN;-0.480555;43.897408;418685;6316480;371500;1880500
341;Y346401001;LE-VIDOURLE-[VIDOURLE-AVAL]-A-MARSILLARGUES;4.181136;43.667839;795340;6286058;749000;1854000
342;U464401001;L'AZERGUES-A-LOZANNE;4.687613;45.858585;830886;6530122;783000;2098000
343;U342401001;LA-SEILLE-A-SAINT-USUGE;5.258379;46.674103;872636;6621788;823000;2190000
344;W334000100;LA-BOURNE-A-SAINT-JUST-DE-CLAIX-[PONT-DE-MANNE];5.280682;45.060986;879495;6442784;831500;2011500
345;L852301001;LE-CANAL-DE-LA-DIVE-A-POUANCAY;-0.089622;47.097294;465665;6670875;415000;2236000
346;E550572001;L'AUTHIE-A-DOMPIERRE-SUR-AUTHIE;1.918714;50.304657;622800;7023549;571000;2590000
347;Y412202001;L'ARC-A-BERRE-L'ETANG-[MAURAN];5.132427;43.504814;872518;6269616;827000;1838000
348;K125181001;L'ARROUX-A-DRACY-SAINT-LOUP-[SURMOULIN];4.320197;47.000771;800389;6656478;751000;2224000
349;I922102001;LA-SELUNE-A-SAINT-AUBIN-DE-TERREGATTE-[SIGNY];-1.292804;48.596226;383626;6841530;333000;2406000
350;O222251001;L'HERS-MORT-A-TOULOUSE-[PONT-DE-PERIOLE];1.480100;43.627769;577335;6282100;531000;1848000
351;M102000101;LE-LOIR-A-ALLUYES;1.381421;48.216736;579789;6791941;529000;2358000
352;O479404001;LE-DADOU-A-GRAULHET-[LA-JONQUIERE];1.960869;43.773186;616423;6297557;569000;1864000
353;Y210002001;L'HERAULT-A-LAROQUE;3.735832;43.915405;759008;6313238;713000;1880000
354;U122402001;LA-TILLE-A-CESSEY-SUR-TILLE;5.217467;47.280052;867616;6689079;817500;2257500
355;K479301001;LE-COSSON-A-CHAILLES;1.309387;47.543686;572871;6717251;523000;2284000
356;A349020001;LA-ZORN-A-HOERDT-;7.780890;48.711311;1051537;6856376;1001000;2426000
357;L420000301;LA-CREUSE-A-AHUN;2.026180;46.123398;624804;6558641;575000;2124000
358;M377181010;L'OUDON-A-CHATELAIS-[MARCILLE];-0.926741;47.774063;406051;6748808;355000;2314000
359;V244403001;LA-BIENNE-A-CHANCIA;5.646654;46.343410;903504;6586052;855000;2154000
360;E182601001;LA-HAYNE-A-SAINT-AYBERT;3.652519;50.449825;746132;7039383;693500;2606500
361;Y136402001;LE-FRESQUEL-A-PEZENS;2.263288;43.255459;640115;6239919;593000;1806000
362;V220202001;L'AIN-A-CHATILLON;5.740813;46.654396;909598;6620772;861000;2190000
363;Y028406001;LE-TECH-A-ARGELES-SUR-MER-[PONT-D'ELNE];2.984878;42.585445;698820;6165108;653000;1732000
364;L556000102;L'ANGLIN-A-MAUVIERES;1.093464;46.568687;553986;6609391;504500;2175500
365;U233401001;L'ALLAN-A-FESCHES-LE-CHATEL;6.880825;47.523273;991899;6720785;943000;2290000
366;X103402001;LE-BUECH-A-SERRES-[LES-CHAMBONS];5.713127;44.441177;915980;6375235;868500;1943500
367;A907105050;LA-SARRE-A-DIEDENDORF;7.055086;48.877289;997305;6871839;947000;2442000
368;I923301301;LA-SELUNE-A-DUCEY-[VEZINS];-1.231612;48.589043;388066;6840453;337000;2404000
369;E171551001;LE-VIEIL-ESCAUT-A-HORDAIN;3.310761;50.266968;722259;7018847;669500;2586500
370;K278301001;LA-MORGE-A-MARINGUES-[COTE-ROUGE];3.313360;45.908718;724342;6534389;675000;2102000
371;K156302001;LA-BESBRE-A-SAINT-POURCAIN-SUR-BESBRE;3.654197;46.476807;750229;6597651;701000;2164000
372;U122401001;LA-TILLE-A-ARCEAU-[ARCELOT];5.189110;47.373016;865206;6699293;815500;2267500
373;Y623402401;LA-TINEE-A-LA-TOUR-[PONT-DE-LA-LUNE];7.165679;43.937992;1034321;6324264;987500;1893500
374;V177401001;LA-BOURBRE-A-TIGNIEU-JAMEYZIEU;5.159142;45.715263;867926;6515118;819000;2084000
375;K478000201;LE-COSSON-A-VINEUIL;1.366282;47.579849;577200;6721212;527500;2287500
376;L814211001;LE-THOUET-A-SAINT-GENEROUX;-0.139912;46.883602;460875;6647332;411000;2212000
377;K720261001;L'INDRE-A-ARDENTES;1.830585;46.741917;610692;6627503;561000;2194000
378;Y111201001;L'AUDE-A-BELVIANES-ET-CAVIRAC;2.195377;42.856312;634149;6195618;589000;1762000
379;A348020001;LA-ZORN-A-WALTENHEIM-SUR-ZORN;7.633682;48.749634;1040475;6859970;989000;2430000
380;A286011003;LA-BRUCHE-A-HOLTZHEIM-;7.636941;48.558712;1041990;6838770;991000;2408000
381;A331010001;LA-MODER-A-KALTENHOUSE;7.842964;48.791401;1055614;6865435;1005000;2436000
382;O631000101;LE-GERS-A-MONTESTRUC-SUR-GERS;0.629124;43.790760;509171;6301947;463000;1866000
383;Y604201001;LE-VAR-A-ENTREVAUX-[PONT-LEVIS];6.810132;43.949356;1005749;6324112;959000;1894000
384;O811351001;LE-CELE-A-FIGEAC-[MERLANCON];1.984694;44.588436;619480;6388241;571000;1954000
385;U132402001;L'OUCHE-A-DIJON-[TROIS-PONTS];5.036705;47.308895;853850;6691795;805000;2260000
386;O153291001;L'HERS-VIF-A-ROUMENGOUX;1.934243;43.082527;613085;6220967;563000;1788000
387;L030000101;LE-TAURION-A-CHATELUS-LE-MARCHEIX;1.608256;45.994156;592618;6545122;543000;2112000
388;I205103001;LA-DIVES-A-BIEVILLE-QUETIEVILLE;-0.054543;49.117092;477109;6895129;425000;2460000
389;U210201001;LE-DOUBS-A-VILLE-DU-PONT;6.476524;47.000935;964106;6661470;915000;2230000
390;A116003002;L'ILL-A-DIDENHEIM;7.306562;47.717758;1022678;6744001;973000;2314000
391;X220202201;LE-VERDON-A-DEMANDOLX-[CASTILLON];6.537015;43.879478;984195;6315307;937000;1884000
392;U132401001;L'OUCHE-A-PLOMBIERES-LES-DIJON;4.980948;47.332535;849575;6694330;799000;2262000
393;Y412204001;L'ARC-A-AIX-EN-PROVENCE-[ROQUEFAVOUR-BRUET];5.313526;43.516376;887118;6271389;841000;1840000
394;V343401001;LES-COLLIERES-A-SAINT-RAMBERT-D'ALBON;4.812966;45.298870;842148;6468280;795000;2036000
395;V244402001;LA-BIENNE-A-JEURRE;5.706154;46.362728;908020;6588311;859000;2156000
396;V220201000;L'AIN-A-MARIGNY-[CHALAIN];5.766919;46.685928;911427;6624353;863000;2194000
397;I111101000;LA-TOUQUES-A-LISIEUX;0.221801;49.143040;497315;6897261;445000;2464000
398;V374401001;LE-DOUX-A-TOURNON-SUR-RHONE;4.780872;45.066967;840429;6442419;793000;2010000
399;P828401001;LA-LIZONNE-A-SAINT-SEVERIN-[LE-MARCHAIS];0.263457;45.296165;485588;6470079;437500;2034500
400;O001004003;LA-GARONNE-A-SAINT-BEAT-[2];0.692109;42.915356;511360;6204534;465000;1770000
401;I205103002;LA-DIVES-AU-MESNIL-MAUGER;-0.044192;49.069019;477565;6889829;427000;2454000
402;V501401001;L'ARDECHE-A-VOGUE;4.409781;44.542564;812160;6384416;765000;1952000
403;W102000200;L'ARC-A-BRAMANS;6.765037;45.224216;995383;6465364;947000;2034000
404;L834301001;L'ARGENTON-A-MASSAIS;-0.356462;46.997662;444997;6660653;395000;2226000
405;Y503202001;L'ARGENS-A-CARCES-[AMONT];6.166256;43.468983;956220;6268498;909000;1838000
406;U092402001;LA-VINGEANNE-A-OISILLY;5.367218;47.421581;878446;6705075;829000;2274000
407;A315020001;LA-ZINSEL-DU-NORD-A-SCHWEIGHOUSE-SUR-MODER;7.725576;48.830181;1047649;6868902;997000;2438000
408;A420063001;LA-MOSELLE-A-SAINT-NABORD-[NOIRGUEUX];6.611131;48.067078;968828;6780044;919000;2350000
409;O312102002;LE-TARN-A-MONTBRUN-[PONT-DE-MONTBRUN];3.496770;44.333019;739520;6359457;689000;1928000
410;J541211001;LE-BLAVET-A-MUR-DE-BRETAGNE-[GUERLEDAN];-3.017810;48.194832;253112;6804816;203000;2368000
411;U210202001;LE-DOUBS-A-ARCON;6.384900;46.947041;957356;6655133;909000;2224000
412;G017042101;LA-BRESLE-A-LONGROY;1.535966;49.991650;594925;6989099;543000;2554000
413;Y412201001;L'ARC-A-AIX-EN-PROVENCE-[SAINT-PONS];5.348438;43.506313;890005;6270266;843000;1838000
414;J706061001;LA-VILAINE-A-SERVON-SUR-VILAINE;-1.465812;48.116997;367806;6788994;317000;2354000
415;P248401001;LE-CEOU-A-SAINT-CYBRANET;1.171138;44.789417;555339;6411754;506500;1979500
416;P313102001;LA-VEZERE-A-UZERCHE;1.565772;45.427856;587794;6481918;541000;2048000
417;O609000101;L'ARRATS-A-SAINT-ANTOINE;0.852203;44.041309;527879;6329264;481000;1894000
418;Q215251001;LA-MIDOUR-A-VILLENEUVE-DE-MARSAN;-0.304305;43.901985;434673;6317048;387000;1882000
419;S322501001;LE-COURANT-DE-SAINTE-EULALIE-A-SAINTE-EULALIE-EN-BORN-[SERBIAT];-1.151500;44.233719;364582;6358083;317500;1922500
420;V415401001;L'EYRIEUX-AUX-OLLIERES-SUR-EYRIEUX;4.615584;44.811279;827691;6413155;781000;1982000
421;K117321001;L'ARCONCE-A-MONTCEAUX-L'ETOILE;4.049810;46.357975;780695;6584803;731500;2152500
422;J795301020;LE-DON-A-GUEMENE-PENFAO-[JUZET];-1.789096;47.622978;340490;6735654;289000;2300000
423;O477401001;LE-DADOU-A-MONTDRAGON;2.091662;43.778366;626917;6298069;581000;1864000
424;L056301001;LA-BRIANCE-A-CONDAT-SUR-VIENNE-[CHAMBON-VEYRINAS];1.240120;45.756767;563225;6518990;515000;2084000
425;M745301010;LA-MAINE-A-REMOUILLE;-1.371329;47.055702;368440;6670874;318500;2235500
426;K633252001;LA-GRANDE-SAULDRE-A-BRINON-SUR-SAULDRE-;2.258763;47.564098;644229;6718453;595000;2284000
427;E640601001;L'AVRE-A-MOREUIL;2.486220;49.769356;662875;6963443;611000;2530000
428;Q061251001;L'ARROS-A-JUILLAC;0.108530;43.544769;466301;6276030;421000;1834000
429;P634251001;L'AUVEZERE-A-CHERVEIX-CUBAS;1.127403;45.297932;553211;6468219;505000;2034000
430;V605201001;L'OUVEZE-A-VAISON-LA-ROMAINE;5.069544;44.239475;865224;6351195;817000;1918000
431;Y156401001;L'ORBIEU-A-LUC-SUR-ORBIEU;2.780684;43.181885;682097;6231376;637000;1798000
432;K565301001;L'AURON-A-BOURGES-[L'ORMEDIOT];2.448059;47.036964;658026;6659780;609000;2226000
433;Y911000203;LE-TAVIGNANO-A-ANTISANTI-;9.376740;42.182514;1227200;6141550;1183000;1712000
434;L510181001;LA-GARTEMPE-A-FOLLES-[BESSINES];1.433170;46.113754;579040;6558324;527000;2124000
435;X220202001;LE-VERDON-A-SAINT-ANDRE-LES-ALPES-[PONT-DE-MEOUILLES];6.517955;43.960888;981975;6324317;935000;1894000
436;O039252001;LE-SALAT-A-SOUEIX-ROGALLE-[KERCABANAC-1];1.212371;42.910522;553899;6202881;509000;1768000
437;J706062001;LA-VILAINE-A-CHATEAUBOURG;-1.403798;48.108040;372393;6787757;321000;2352000
438;O509252002;L'AVEYRON-A-ONET-LE-CHATEAU-[RODEZ];2.622301;44.362568;669816;6362643;621000;1928000
439;U221502001;LE-DESSOUBRE-A-SAINT-HIPPOLYTE;6.794074;47.305237;986591;6696349;936500;2265500
440;Q061252001;L'ARROS-A-VILLECOMTAL-SUR-ARROS;0.196979;43.400997;472860;6259793;427000;1824000
441;L440000101;LA-PETITE-CREUSE-A-GENOUILLAC;1.994956;46.357235;622723;6584637;573000;2152000
442;K337301001;LA-BOUBLE-A-CHAREIL-CINTRAT;3.226816;46.263187;717453;6573748;669000;2140000
443;M123303000;LA-BRAYE-[TOTALE]-A-SAVIGNY-SUR-BRAYE;0.803244;47.879627;535815;6755532;485000;2322000
444;O439401001;LE-THORE-A-LABRUGUIERE;2.295748;43.534492;642971;6270862;599000;1836000
445;X043401001;L'UBAYE-A-BARCELONNETTE-[ABATTOIR];6.652322;44.384155;990876;6371693;945000;1940000
446;X001561301;LA-DURANCE-A-BRIANCON-[AVAL];6.624135;44.885620;986062;6427281;939000;1998000
447;V714401001;LE-GARDON-D'ANDUZE-A-ANDUZE-[SOUS-LE-PONT-DU-TRAIN];3.984512;44.061275;778926;6329453;733000;1896000
448;O737000201;LA-TRUYERE-AU-MALZIEU-VILLE-[LE-SOULIER];3.348015;44.835464;727503;6415205;681000;1982000
449;Y345402001;LE-VIDOURLE-A-SALINELLES-[MOULIN-DE-RUNEL];4.068202;43.822258;785895;6303220;739000;1872000
450;R608001003;LA-BOUTONNE-A-SAINT-SEVERIN-SUR-BOUTONNE-[MOULIN-DE-CHATRE];-0.404202;46.079525;436965;6558902;389000;2124000
451;O787401001;LE-DOURDOU-A-CONQUES;2.401217;44.587132;652444;6387764;601500;1959500
452;P152000101;LA-MARONNE-A-CROS-DE-MONTVERT-[LES-ESTOUROCS];2.172508;45.081329;634923;6442759;587000;2010000
453;K555230001;L'YEVRE-A-SAVIGNY-EN-SEPTAINE;2.563278;47.050098;666931;6661204;617000;2228000
454;A369011001;LA-SAUER-A-BEINHEIM;8.068490;48.859936;1071580;6874190;1021000;2444000
455;R411001001;LE-NE-A-SAINT-FORT-SUR-LE-NE;-0.309262;45.574780;441997;6502710;393000;2068000
456;J373301001;L'HYERES-A-SAINT-HERNIN-[LA-GARE];-3.655187;48.223797;206304;6812288;155000;2376000
457;E642601001;LA-SELLE-A-PLACHY-BUYON;2.215692;49.816479;643431;6968804;591000;2536000
458;Y553404001;LA-SIAGNE-A-MANDELIEU-LA-NAPOULE-[LA-TOUR];6.945419;43.565132;1018770;6281943;972500;1851500
459;O234401001;LE-GIROU-A-CEPET;1.433759;43.752697;573855;6296115;527000;1862000
460;M304091001;LA-MAYENNE-A-COUTERNE;-0.417185;48.507809;447678;6828512;397000;2394000
461;O339403004;LA-DOURBIE-A-MILLAU-[MASSEBIAU-3];3.129373;44.101650;710330;6333630;661500;1900500
462;Y462401001;LE-GAPEAU-A-HYERES-[SAINTE-EULALIE];6.149730;43.147114;956310;6232636;911000;1802000
463;M313301010;LA-VARENNE-A-SAINT-FRAIMBAULT-[MOULIN-CRINAIS];-0.675493;48.497303;428588;6828270;377000;2394000
464;K509090001;LE-CHER-A-CHAMBONCHARD;2.548947;46.176807;665316;6564196;617000;2130000
465;Y043401001;LA-TET-A-CORNEILLA-DE-CONFLENT-[VILLEFRANCHE-DE-CONFLENT];2.362296;42.584602;647579;6165239;601000;1732000
466;Y553403001;LA-SIAGNE-A-PEGOMAS;6.927667;43.589577;1017194;6284554;971000;1854000
467;O198431001;LE-TOUCH-A-TOULOUSE-[SAINT-MARTIN-DU-TOUCH];1.376184;43.598682;568918;6279074;523000;1844000
468;K209081001;L'ALLIER-A-SAINT-HAON-[NOUVEAU-MONDE];3.743387;44.838886;758778;6415739;711500;1982500
469;A216010001;LA-FECHT-A-GUEMAR;7.402653;48.187145;1027032;6796528;976500;2366500
470;V003201001;L'ARVE-A-SALLANCHES;6.641935;45.940460;982078;6544310;933000;2114000
471;P150000101;LA-MARONNE-A-PLEAUX-[ENCHANET];2.194518;45.081059;636621;6442745;589000;2010000
472;J012151001;LE-COUESNON-A-ROMAZY;-1.503786;48.365471;366633;6816685;315000;2382000
473;M024301000;L'ORNE-SAOSNOISE-A-MONTBIZOT-[MOULIN-NEUF-CIDRERIE];0.198518;48.151695;491708;6787176;441000;2354000
474;R011001002;LA-CHARENTE-A-VOULEME-[GUE-DE-CHAMBE];0.242596;46.086983;487014;6557889;437000;2122000
475;U341503001;LA-BRENNE-A-SENS-SUR-SEILLE-[L'ESTALET];5.292467;46.749084;875006;6630161;825500;2198500
476;V504881401;LE-CHASSEZAC-A-CHAMBONAS-[LES-BERTRONNES];4.118637;44.420010;789057;6369627;743000;1938000
477;O566401001;LE-CEROU-A-MILHARS;1.882609;44.127663;610561;6337166;563500;1903500
478;O475401001;LE-DADOU-A-VENES;2.192137;43.761185;634793;6296204;589000;1862000
479;K196000101;LA-NIEVRE-A-URZY;3.203838;47.062592;715471;6662503;665000;2230000
480;V504503001;LE-CHASSEZAC-A-GRAVIERES;4.091353;44.425606;786765;6370345;739000;1938000
481;O687000201;L'OSSE-A-MOUCHAN;0.293593;43.905453;482611;6315553;435000;1880000
482;O913401001;L'AVANCE-A-MONTPOUILLAN;0.125963;44.467159;471238;6377785;425000;1944000
483;Q052252001;L'ARROS-A-GOURGUE;0.259233;43.131531;476906;6229692;429000;1800000
484;Q109402001;LE-LARCIS-A-LANNUX;-0.234719;43.647320;439033;6288442;392500;1852500
485;Q206000101;LE-MIDOUR-A-LAUJUZAN;-0.116998;43.821407;449279;6307437;403000;1872000
486;Q224291001;LA-DOUZE-A-CAZAUBON;-0.081397;43.936649;452680;6320096;405000;1886000
487;Q229291001;LA-DOUZE-A-ROQUEFORT;-0.344486;44.034283;434789;6331133;387500;1895500
488;Q235401001;L'ESTAMPON-A-RETJONS;-0.274164;44.083153;437834;6336902;391000;1902000
489;Q335401001;LE-LUY-DE-BEARN-A-SAINT-MEDARD;-0.619115;43.529778;407469;6276715;361000;1840000
490;U012401001;LE-CONEY-A-FONTENOY-LE-CHATEAU;6.194856;47.972645;938347;6768315;889000;2338000
491;U023401001;L'AMANCE-A-RAINCOURT;5.874363;47.854473;914943;6754326;865000;2324000
492;U053401001;LE-DURGEON-A-CHARIEZ;6.064123;47.626411;930119;6729613;881000;2298000
493;U053402001;LE-DURGEON-A-PONTCEY;6.033312;47.635487;927728;6730433;877500;2299500
494;U072401001;LE-SALON-A-DENEVRE;5.647444;47.569149;898978;6722186;849000;2290000
495;U092401001;LA-VINGEANNE-A-SAINT-MAURICE-SUR-VINGEANNE;5.406220;47.577923;880894;6722541;831000;2292000
496;U121503001;L'IGNON-A-VILLECOMTE;5.031644;47.514576;852847;6714687;803000;2282000
497;U123502001;LA-NORGES-A-GENLIS;5.220951;47.238178;867976;6684380;818500;2252500
498;U131401001;L'OUCHE-A-LA-BUSSIERE-SUR-OUCHE;4.725797;47.210037;830569;6680303;781000;2248000
499;U131402001;L'OUCHE-A-SAINTE-MARIE-SUR-OUCHE-[PONT-DE-PANY];4.813162;47.296719;837047;6690040;787000;2258000
500;U202201001;LE-DOUBS-A-LA-CLUSE-ET-MIJOUX-[PONTARLIER-AMONT];6.364650;46.881340;956094;6647850;907000;2220000
501;U202202001;LE-DOUBS-A-DOUBS;6.348005;46.927776;954640;6652958;905000;2220000
502;U242526001;LE-CUSANCIN-A-BAUME-LES-DAMES;6.373433;47.337982;954633;6698524;904500;2267500
503;U260403001;LA-LOUE-A-VUILLAFANS;6.227220;47.055504;944966;6666731;895000;2236000
504;U321401001;LA-GROSNE-A-JALOGNY-[CLUNY];4.648603;46.404156;826707;6590706;778500;2158500
505;U322501001;LA-GUYE-A-SIGY-LE-CHATEL-[CORCELLES];4.563819;46.557777;819857;6607651;771000;2176000
506;U462401001;L'AZERGUES-A-CHATILLON;4.643270;45.874210;827504;6531849;779000;2100000
507;V131502001;LA-LEYSSE-A-LA-MOTTE-SERVOLEX-[PONT-DU-TREMBLAY];5.873078;45.628178;923809;6507245;875000;2076000
508;V244401001;LA-BIENNE-A-CHASSAL;5.802221;46.365623;915419;6588947;867000;2158000
509;V262401000;LA-VALOUSE-A-THOIRETTE-[CHALEA];5.517544;46.272648;893842;6577842;845500;2146500
510;V281402001;LE-SURAN-A-NEUVILLE-SUR-AIN-[LA-PLANCHE];5.390420;46.111992;884594;6559736;835000;2128000
511;V281403001;LE-SURAN-A-PONT-D'AIN;5.327384;46.064167;879951;6554281;831500;2122500
512;V293401001;L'ALBARINE-A-SAINT-DENIS-EN-BUGEY-[PONT-SAINT-DENIS];5.331761;45.954746;880646;6542085;833000;2110000
513;V311401001;LE-GIER-A-RIVE-DE-GIER;4.648208;45.540688;828586;6494772;781000;2062000
514;V312401001;LE-GIER-A-GIVORS;4.739749;45.579578;835619;6499308;787500;2067500
515;V322401001;LA-GERE-A-PONT-EVEQUE-[CANCANE];4.902096;45.529144;848562;6494002;801000;2062000
516;V322402001;LA-GERE-A-JARDIN-[PONT-DE-MALISSOL];4.923831;45.516228;850149;6492590;803000;2060000
517;V342431001;LE-RIVAL-A-BEAUFORT;5.120518;45.335800;866065;6472871;819000;2042000
518;V372401001;LE-DOUX-A-COLOMBIER-LE-VIEUX;4.732468;45.058472;836324;6441455;789000;2010000
519;V413000101;L'EYRIEUX-A-BEAUVENE-[PONT-DE-CHERVIL];4.539326;44.874821;821561;6420700;775000;1988000
520;V501404001;L'ARDECHE-A-PONT-DE-LABEAUME;4.290804;44.666256;802279;6397187;755000;1964000
521;V532401001;L'AYGUES-A-SAINT-MAY-[PONT-DE-LA-TUNE];5.298002;44.434605;882796;6373223;835000;1942000
522;V713501001;LE-GARDON-DE-SAINT-JEAN-A-CORBES-[ROC-COURBE];3.961011;44.074028;777041;6331067;730500;1898500
523;W333521201;LA-VERNAISON-A-PONT-EN-ROYANS;5.342827;45.059315;884390;6442742;836500;2011500
524;X102691501;LE-PETIT-BUECH-A-VEYNES;5.825285;44.528168;924456;6384953;877000;1954000
525;X142000101;L'ASSE-A-BEYNES-[CHABRIERES];6.252673;44.015224;960741;6329396;915000;1898000
526;H702101001;L'OISE-A-HIRSON;4.078208;49.924160;777466;6981166;722500;2547500
527;H704101001;L'OISE-A-MONCEAU-SUR-OISE;3.699719;49.898685;750253;6977998;697500;2543500
528;H703301001;LE-THON-A-ORIGNY-EN-THIERACHE;4.014789;49.895809;772941;6977906;721500;2543500
529;H706101001;L'OISE-A-ORIGNY-SAINTE-BENOITE;3.481800;49.839592;734705;6971333;682500;2536500
530;H716201001;LA-SERRE-A-PONT-A-BUCY;3.483905;49.692261;734966;6954940;683500;2520500
531;H714201001;LA-SERRE-A-MORTIERS;3.666936;49.684639;748152;6954128;696500;2519500
532;H720101001;L'OISE-A-CONDREN;3.283852;49.627384;720612;6947665;668500;2512500
533;H740101001;L'OISE-A-SEMPIGNY;2.993742;49.560146;699559;6940047;647500;2504500
534;H623302001;LA-VAUX-A-ECLY;4.295297;49.538692;793794;6938449;742500;2504500
535;H622101001;L'AISNE-A-GIVRY;4.538602;49.491463;811443;6933601;759500;2499500
536;H732201001;L'AILETTE-A-CHAILLEVOIS;3.523964;49.500042;737983;6933526;685500;2497500
537;H325041010;L'ANDELLE-A-VASCOEUIL;1.383401;49.444950;582726;6928533;530500;2491500
538;H630382001;LA-RETOURNE-A-HOUDILCOURT;4.122921;49.423801;781389;6925362;729500;2490500
539;H774201001;LE-THERAIN-A-BEAUVAIS;2.083987;49.426121;633573;6925510;582500;2488500
540;H168000303;L'AISNE-A-TROSLY-BREUIL-[HERANT];2.952079;49.410801;696521;6923482;643500;2488500
541;H632102001;L'AISNE-A-PONTAVERT;3.820630;49.403873;759581;6922949;707500;2487500
542;H631302001;LA-SUIPPE-A-ORAINVILLE;4.023254;49.383820;774356;6920924;722500;2486500
543;H616201001;L'AIRE-A-CHEVIERES;4.903247;49.334068;838383;6916581;785500;2483500
544;H643201001;LA-VESLE-A-BRAINE;3.527082;49.337093;738229;6915434;686500;2480500
545;H620101001;L'AISNE-A-MOURON;4.782842;49.308086;829661;6913457;777500;2479500
546;H312042010;L'EPTE-A-ERAGNY-SUR-EPTE;1.769131;49.321995;610492;6914309;558500;2478500
547;H208000101;L'OISE-A-PONT-SAINTE-MAXENCE-[SARRON];2.626503;49.310413;672886;6912384;620500;2478500
548;H631303002;LA-SUIPPE-A-SELLES;4.287822;49.306541;793675;6912664;741500;2478500
549;H322011003;LA-SEINE-A-POSES-[APRES-CREATION-GRANDS-LACS];1.241275;49.308594;571799;6913946;519500;2476500
550;H751301001;L'AUTOMNE-A-SAINTINES;2.774263;49.306824;683631;6911997;631500;2476500
551;H642301001;L'ARDRES-A-FISMES;3.672862;49.306950;748895;6912145;697500;2476500
552;H760201001;LA-BRECHE-A-NOGENT-SUR-OISE;2.461385;49.287529;660826;6909890;608500;2474500
553;H774202001;LE-THERAIN-A-MAYSEL;2.378066;49.262020;654707;6907143;602500;2473500
554;H641202001;LA-VESLE-A-CHALONS-SUR-VESLE;3.922077;49.278313;767159;6909092;715500;2473500
555;H641201001;LA-VESLE-A-SAINT-BRICE-COURCELLES;3.979758;49.265049;771443;6907457;719500;2473500
556;H612201001;L'AIRE-A-VARENNES-EN-ARGONNE;5.034016;49.227291;848178;6905004;796500;2471500
557;H642000000;LA-VESLE-A-REIMS;4.034211;49.241364;775321;6905125;723500;2470500
558;H438021010;L'EURE-A-LOUVIERS;1.176918;49.224075;567233;6904276;515500;2467500
559;H640203001;LA-VESLE-A-PUISIEULX;4.122645;49.206299;781884;6901271;730500;2467500
560;H208000104;L'OISE-A-CREIL;2.460508;49.255684;660796;6906292;606500;2466500
561;H640204001;LA-VESLE-A-BEAUMONT-SUR-VESLE;4.187532;49.177902;786656;6898232;735500;2464500
562;H552201001;L'OURCQ-A-CHOUY;3.249307;49.194279;718205;6899412;666500;2463500
563;H640202001;LA-VESLE-A-SEPT-SAULX;4.245136;49.156281;790833;6895898;739500;2461500
564;H318041010;L'EPTE-A-FOURGES;1.644820;49.119499;601111;6892001;549500;2456500
565;H432021010;L'EURE-A-CAILLY-SUR-EURE;1.208807;49.114384;569230;6892067;518500;2455500
566;H640201001;LA-VESLE-A-BOUY;4.350907;49.089073;798467;6888638;747500;2454500
567;H437042010;L'ITON-A-NORMANVILLE;1.150897;49.080570;564901;6888305;513500;2451500
568;H530202001;LE-SURMELIN-A-MEZY-MOULINS;3.516277;49.059982;737768;6884555;686500;2449500
569;F619000101;LE-SURMELIN-A-SAINT-EUGENE;3.531462;49.025074;738835;6880748;687500;2446500
570;F608000100;LA-MARNE-A-MATOUGUES;4.242010;48.996468;790882;6878108;739500;2445500
571;H610201001;L'AIRE-A-BEAUSITE-[AMBLAINCOURT];5.208425;48.964104;861723;6876105;810500;2442500
572;H520101003;LA-MARNE-A-CHALONS-SUR-MARNE-[DEPUIS-02/89];4.353723;48.950951;798938;6873543;747500;2439500
573;F643000101;LA-MARNE-A-MEAUX;2.881160;48.950722;691395;6872654;639500;2436500
574;F625000101;LE-PETIT-MORIN-A-JOUARRE-[VANRY];3.151509;48.930550;711061;6869990;660500;2434500
575;F624000200;LE-PETIT-MORIN-A-MONTMIRAIL;3.535440;48.862740;739282;6862656;688500;2427500
576;H510203001;LA-SAULX-A-MOGNEVILLE;4.999612;48.784962;846957;6855743;794500;2422500
577;F490000100;LA-SEINE-A-ALFORTVILLE;2.418286;48.781555;657256;6853653;606500;2418500
578;H423041010;L'AVRE-A-ACON;1.104789;48.761913;560710;6852961;503500;2416500
579;H517201001;LA-SAULX-A-VITRY-EN-PERTHOIS;4.626325;48.746151;819632;6850780;768500;2416500
580;H425042010;L'AVRE-A-MUZY;1.328201;48.760593;578507;6854012;525500;2415500
581;H512234001;L'ORNAIN-A-TRONVILLE-EN-BARROIS;5.282432;48.721622;867592;6849570;816500;2414500
582;H509101002;LA-MARNE-A-FRIGNICOURT-[APRES-CREATION-GRAND-LAC];4.587460;48.700901;816690;6845708;765500;2411500
583;F487000400;L'YERRES-[TOTALE]-A-CROSNE;2.450783;48.715912;659593;6846338;608500;2410500
584;H418041010;LA-BLAISE-A-GARNAY;1.344972;48.703709;578142;6846120;526500;2409500
585;H416021010;L'EURE-A-CHARPONT;1.442184;48.700851;585333;6845660;534500;2409500
586;F464000201;L'ORGE-A-EPINAY-SUR-ORGE-[LE-BREUIL];2.318862;48.665813;649853;6840823;598500;2404500
587;F467000101;L'ORGE-A-MORSANG-SUR-ORGE;2.342410;48.667889;651453;6841010;600500;2404500
588;F482000000;L'YERRES-A-OZOUER-LE-VOULGIS-[LES-ETARDS];2.753169;48.650524;681817;6838956;630500;2403500
589;F474000102;L'YERRES-A-COURTOMER-[PARADIS];2.901109;48.648235;692608;6838665;641500;2403500
590;H160301001;LA-SUPERBE-A-SAINT-SATURNIN;3.904854;48.614105;766732;6835240;715500;2402500
591;H150101001;L'AUBE-A-ARCIS-SUR-AUBE;4.140193;48.537880;784251;6826996;733500;2392500
592;F459000101;L'ESSONNE-A-BALLANCOURT-SUR-ESSONNE;2.373666;48.537949;653732;6826699;603500;2391500
593;H508305001;LA-BLAISE-A-LOUVEMONT-[PONT-VARIN];4.930449;48.515961;842503;6825700;791500;2391500
594;H130201001;LA-VOIRE-A-DROYES-[GERVILLIERS];4.725222;48.498375;827493;6823430;776500;2389500
595;F458000100;LA-JUINE-A-BOURAY-SUR-JUINE;2.298793;48.523594;648221;6825047;597500;2388500
596;H081001002;LA-SEINE-A-MERY-SUR-SEINE-[APRES-CREATION-GRANDS-LACS];3.889608;48.507309;765832;6823355;713500;2387500
597;F448060000;L'ECOLE-A-SAINT-SAUVEUR-SUR-ECOLE;2.542267;48.491959;666179;6821398;615500;2386500
598;F232000101;LA-VOULZIE-A-JUTIGNY;3.235083;48.487675;717342;6820867;666500;2386500
599;F453000101;L'ESSONNE-A-GUIGNEVILLE-SUR-ESSONNE-[LA-MOTHE];2.347597;48.464363;651763;6818421;601500;2383500
600;H136201001;LA-VOIRE-A-LASSICOURT;4.491983;48.449032;810354;6817580;759500;2383500
601;H403021010;L'EURE-A-SAINT-LUPERCE;1.291193;48.449158;573609;6817876;521500;2381500
602;H123101001;L'AUBE-A-BLAINCOURT-SUR-AUBE;4.457205;48.394756;808201;6811102;757500;2377500
603;H403301101;L'EURE-A-VER-LES-CHARTRES-[LOCHE];1.476862;48.386513;587240;6810667;536500;2374500
604;H506201001;LE-ROGNON-A-DOULAINCOURT-SAUCOURT;5.165229;48.343834;860432;6807059;810500;2373500
605;F439000101;LE-LOING-A-EPISY;2.787250;48.336700;684222;6804157;633500;2368500
606;H080001000;LA-SEINE-[TOTALE]-A-TROYES-[APRES-CREATION-GRAND-LAC];4.069340;48.327477;779255;6803554;728500;2368500
607;H402203001;L'ESSONNE-A-BOULANCOURT;2.427537;48.257725;657467;6795488;606500;2360500
608;H120101001;L'AUBE-A-BAR-SUR-AUBE;4.735132;48.219116;828927;6792338;775500;2359500
609;F355040000;LA-VANNE-A-PAISY-COSDON;3.707083;48.243214;752491;6793887;701500;2358500
610;F357000101;LA-VANNE-A-PONT-SUR-VANNE;3.441135;48.184380;732848;6787258;683500;2352500
611;H112201001;L'AUJON-A-RENNEPONT;4.850874;48.145447;837553;6784369;787500;2350500
612;H105102001;L'AUBE-[PARTIELLE]-A-LONGCHAMP-SUR-AUJON-[OUTRE-AUBE];4.795467;48.145134;833553;6784262;783500;2349500
613;H040002001;LA-SEINE-A-COURTENOT;4.336363;48.137520;797475;6783812;746500;2348500
614;H352201011;LE-FUSAIN-A-COURTEMPIERRE;2.637456;48.110535;673018;6778969;620500;2342500
615;H032104001;L'OURCE-A-CELLES-SUR-OURCE;4.408602;48.077892;804906;6776253;754500;2342500
616;H021001001;LA-SEINE-A-POLISY;4.381266;48.063770;802993;6774571;752500;2340500
617;H501102001;LA-MARNE-A-MARNAY-SUR-MARNE;5.248548;48.012035;867613;6770322;817500;2336500
618;F422000201;LE-LOING-A-CHALETTE-SUR-LOING;2.727356;48.035484;680043;6770615;629500;2335500
619;H247301001;L'ARMANCE-A-CHESSY-LES-PRES;3.894883;48.008396;766761;6767983;716500;2334500
620;H010002001;LA-SEINE-A-PLAINES-SAINT-LANGE;4.480817;47.995811;810425;6767213;759500;2333500
621;H032103001;L'OURCE-A-AUTRICOURT;4.615057;47.998638;820422;6767627;770500;2333500
622;H332201001;LA-BEZONDE-A-PANNES;2.675657;48.002884;675715;6766954;625500;2331500
623;H248201001;L'ARMANCON-A-BRIENON-SUR-ARMANCON;3.612878;47.985806;745752;6765164;695500;2330500
624;H248202001;L'ARMANCON-A-JAULGES;3.793574;47.969948;758831;6763754;708500;2329500
625;H020302002;LA-LAIGNES-AUX-RICEYS;4.361000;47.961781;801598;6763290;751500;2328500
626;F416000201;L'OUANNE-A-GY-LES-NONAINS;2.846247;47.948399;688554;6760850;638500;2324500
627;H246202001;L'ARMANCON-A-TRONCHOY;3.938922;47.913536;770069;6757363;719500;2323500
628;H032102001;L'OURCE-A-BRION-SUR-OURCE;4.654202;47.899754;823627;6756807;773500;2322500
629;F415000101;L'OUANNE-A-CHARNY;3.091289;47.885567;706783;6753901;655500;2318500
630;H222101001;L'YONNE-A-GURGY;3.544091;47.879509;740054;6753220;689500;2318500
631;F410000601;LE-LOING-A-MONTBOUY;2.821666;47.860825;686674;6751173;635500;2315500
632;H032101001;L'OURCE-A-VOULAINES-LES-TEMPLIERS;4.758212;47.816032;831543;6747646;781500;2313500
633;H010001001;LA-SEINE-A-NOD-SUR-SEINE;4.570340;47.764481;817602;6741669;767500;2306500
634;H233203001;LE-SEREIN-A-NOYERS;4.003924;47.692242;775259;6733036;725500;2298500
635;H245202001;L'ARMANCON-A-AISY-SUR-ARMANCON-[AVAL];4.232507;47.667950;792524;6730391;742500;2296500
636;H244234001;LA-BRENNE-A-MONTBARD;4.323844;47.623219;799478;6725635;749500;2291500
637;H233202001;LE-SEREIN-A-DISSANGIS;3.984727;47.605675;774175;6723152;723500;2290500
638;H241201001;L'ARMANCON-A-QUINCY-LE-VICOMTE;4.262583;47.608727;794867;6723876;744500;2289500
639;H218201001;LA-CURE-A-ARCY-SUR-CURE;3.756719;47.602642;756982;6722498;706500;2288500
640;H244233001;LA-BRENNE-[TOTALE]-A-SEIGNY;4.426236;47.570518;807224;6719873;757500;2285500
641;H232202001;LE-SEREIN-A-GUILLON-[COURTEROLLES];4.080030;47.527344;780999;6714700;731500;2280500
642;H217232001;LE-COUSIN-A-AVALLON;3.894377;47.482529;766467;6709727;715500;2275500
643;H214203002;LA-CURE-A-FOISSY-LES-VEZELAY-[SEIGLAND];3.779441;47.444183;758734;6705196;708500;2270500
644;H214203001;LA-CURE-A-PIERRE-PERTHUIS;3.788123;47.430920;759421;6703691;709500;2269500
645;H232201001;LE-SEREIN-A-BIERRE-LES-SEMUR;4.291088;47.417854;797385;6702769;747500;2268500
646;H205101001;L'YONNE-A-DORNECY;3.559789;47.429325;742130;6703338;692500;2267500
647;H206201001;LE-BEUVRON-A-OUAGNE-[CHAMPMOREAU];3.494025;47.414436;737220;6701681;687500;2266500
648;Y442404001;L'HUVEAUNE-A-AUBAGNE-[LE-CHARREL];5.556903;43.289532;907584;6246740;861000;1814000
-----------------------------------------------------------------------------------------------------------