CodeHydro,Periode,Automne,Hiver,Printemps,Été
A116003002,1976-2005,5.371482583175445,13.118745861038475,10.080778719565217,5.043984494686699
A133003001,1976-2005,10.017742712391057,23.82001328987673,17.874647238768116,8.13493576291682
A147003001,1976-2005,10.164832979158772,24.13747138774748,18.212211411956524,8.323108816782705
A161003001,1976-2005,18.637257915877225,45.01582898356369,34.58901027753623,14.81669112275559
A216010001,1976-2005,7.52186462713149,18.06477756257004,14.3880145307971,5.28102668559912
A286011003,1976-2005,7.043071341417204,16.880798483750468,12.502854369565219,5.01401797288384
A315020001,1976-2005,3.8604300352406216,9.89347644826298,7.1298914181159425,3.6736373616709415
A331010001,1976-2005,4.007525699886321,10.211701187523348,7.407430017753623,3.8310222400146574
A348020001,1976-2005,4.408201400530504,10.418316805379156,7.600713855072463,3.743425006229388
A349020001,1976-2005,4.683714503599848,11.006652375046695,8.100040464492754,4.030349452180286
A369011001,1976-2005,2.7228944259189087,6.574232883451625,4.978991382608696,2.6541247321363137
A420063001,1976-2005,15.79108377415688,33.15651965371685,23.73465037427536,8.216736175522168
A443064001,1976-2005,26.29265052444108,56.511727581621216,39.30806300688406,14.141357289483329
A543101001,1976-2005,7.323949818112921,18.4221396839746,12.196039685507246,5.984930235251007
A573061001,1976-2005,43.57940473323228,99.78968345461337,69.01973279021739,28.614838626969586
A631101001,1976-2005,19.505149161424782,44.96465034703026,28.101865445652173,11.105550949432027
A692101001,1976-2005,34.36049929101933,80.03839057713859,52.463570893478256,23.059059011725907
A701061001,1976-2005,81.50435699507389,187.79837152857675,127.87088564818842,55.21705404910223
A782101001,1976-2005,6.02506699469496,13.83146400597684,9.599431196014493,5.140230294613412
A788101001,1976-2005,7.8099596866237215,17.89792793686963,12.505902023913043,6.769229553682667
A843101001,1976-2005,8.361673980674498,23.294203678744864,15.429727203623187,7.370985629534628
A850061001,1976-2005,104.97134726942024,249.56627128128503,172.5689875192029,77.57561134261634
A907105050,1976-2005,6.015125628268283,14.421205957788569,10.232771019565218,4.851165270428728
A909106050,1976-2005,6.849345310344828,16.41168261001121,11.719647185144927,5.6174663165994865
A931109050,1976-2005,25.77005941796135,67.77462413111692,47.30832537789855,23.2022252532063
A994202002,1976-2005,6.511663853353544,16.247511320508032,11.117003497463768,5.830011509710516
B115001001,1976-2005,13.909857082228116,37.54532948748599,24.725551137318842,11.475956195309637
B213001001,1976-2005,17.921169427813563,48.3345096839746,31.829572117753624,14.927938972150972
B222001001,1976-2005,19.48485480181887,52.98628567202093,34.77915614673913,16.26235230010993
B315002001,1976-2005,28.62545749526336,80.41909861897646,53.671441485144925,24.761639032246244
B611101001,1976-2005,11.282451777946193,35.17522626148674,22.645116239130434,9.488513104800294
E171551001,1976-2005,2.995647860174308,6.4248339936496075,5.371409559782609,3.176233469036277
E182601001,1976-2005,4.055299053429329,9.26687173515129,7.08713873768116,4.329442959692195
E183041001,1976-2005,8.827538948465326,18.406007823683225,15.635235400362319,9.430010303407842
E540031001,1976-2005,7.161919491095112,19.110549670900262,10.586587262318842,5.45787560571638
E550572001,1976-2005,4.788712248200076,12.649517810982443,8.151493627173913,4.3093092099670205
E640601001,1976-2005,0.17750185676392571,0.42565905341800525,0.21950778586956524,0.10981466581165261
E642601001,1976-2005,0.10453701780977644,0.43396805042958536,0.10166462681159422,0.0577136240381092
F232000101,1976-2005,0.5897193766578249,1.6084317366454988,1.2921913648550725,0.48120635947233414
F355040000,1976-2005,1.3379458268283442,2.1028057329099736,1.6771483442028987,1.1510805518504947
F357000101,1976-2005,3.7424015873436907,5.53616228128502,4.5802363326086954,3.2916787665811653
F410000601,1976-2005,1.3072656422887456,2.6769197997758685,2.309941140942029,1.3137741696592158
F415000101,1976-2005,2.432930178476696,5.0815956511019795,4.006769321014493,2.269327006229388
F416000201,1976-2005,3.923477209549071,7.160203604407919,6.0238464692028995,3.795080827042873
F422000201,1976-2005,10.190468508904889,17.24123196413896,15.1841699307971,9.925493689263467
F439000101,1976-2005,18.709582500947327,28.807299363093012,25.885206749275365,18.04370683327226
F448060000,1976-2005,1.1431760041682457,1.578701027642884,1.4686346061594202,1.1055287218761451
F453000101,1976-2005,2.434110572944297,3.5959722203959656,3.1153943931159422,2.166622631366801
F458000100,1976-2005,1.813419594922319,2.5111285946955544,2.0894907518115944,1.6141592495419568
F459000101,1976-2005,6.111778552860932,8.393392338064999,7.371417894927536,5.610072993037743
F464000201,1976-2005,1.4450504827586208,2.2522277911841617,1.9497522333333333,1.3703637123488457
F467000101,1976-2005,2.0865118336491095,3.3080073466567055,2.7839429489130434,1.9550442579699523
F474000102,1976-2005,0.7423113080712391,1.4921869880463206,1.1762963423913044,0.6149457266397947
F482000000,1976-2005,1.6311222004547177,2.9691558666417635,2.5050663760869565,1.4717902209600586
F487000400,1976-2005,2.1053201235316408,4.023908375793798,3.4647670757246374,1.947574303774276
F490000100,1976-2005,161.43476111102692,324.9814027429959,272.8398283326087,162.49704670721874
F608000100,1976-2005,50.83005727434634,130.20581560104594,89.13775060797101,45.26860254012459
F619000101,1976-2005,1.3633232569154983,3.3234184912215166,3.358038738405797,1.6856140425064126
F624000200,1976-2005,1.0125361117847669,3.17458195330594,2.617071667753623,1.0290204213997802
F625000101,1976-2005,2.0392553183023874,5.71189475793799,4.844112374637681,2.0594162334188346
F643000101,1976-2005,67.59747815119364,161.80786719051176,120.3584348021739,64.16897944631734
G017042101,1976-2005,1.6033210306934444,3.1123360138214418,1.5326522014492754,0.7818284096738732
H010001001,1976-2005,2.7085408552482,6.905578858797162,5.017624830797102,2.5935135749358738
H010002001,1976-2005,5.316630981811292,13.033057515502428,9.85432180326087,5.225221000732869
H020302002,1976-2005,3.7844544566123535,8.506487156892042,6.779119988405798,3.7544836793697325
H021001001,1976-2005,9.855963674118986,23.232440510646246,18.020701723188406,9.768882116892636
H032101001,1976-2005,2.4274794520651763,6.211137387373927,4.585108286956522,2.305235979479663
H032102001,1976-2005,3.0872483031451305,7.748301179305193,5.896966296014493,3.0056228757786734
H032103001,1976-2005,4.079890079196665,9.969091152409414,7.732454648913044,4.012298768779773
H032104001,1976-2005,4.989420183023873,12.006330156892044,9.369553424637681,4.93739914840601
H040002001,1976-2005,15.942887247442213,37.683005935001866,29.30396822789855,15.804258722242581
H080001000,1976-2005,21.02051606138689,48.874034279790806,38.87132616304348,21.12286838145841
H081001002,1976-2005,22.845391438044715,51.85418403922301,41.976183330434786,23.226322964822277
H105102001,1976-2005,4.573043813944675,11.678671225999253,8.69911378152174,4.449158486991572
H112201001,1976-2005,3.8458422000757864,10.091195464699291,7.164626235869565,3.627388516306339
H120101001,1976-2005,10.003710723380069,25.483280765035488,18.672378785869565,9.608993463906193
H123101001,1976-2005,11.380010797650625,28.48805826709002,21.23877210289855,11.083654615976549
H130201001,1976-2005,1.936389952254642,4.889509581247665,3.3400378514492752,1.7741688134847928
H136201001,1976-2005,4.868459689276241,11.463945671647368,8.64006274057971,4.741129981311835
H150101001,1976-2005,20.634349328533535,47.26416938587972,36.77848738586957,20.415811768413338
H160301001,1976-2005,1.089415918529746,2.396415382144191,2.1948784786231883,1.1244692315866618
H168000303,1976-2005,45.73140729859795,99.42625693500187,81.31628407826088,45.8595983876878
H205101001,1976-2005,5.922766316028799,16.991745092267465,11.62743895942029,5.247626638695492
H206201001,1976-2005,1.5001843452065178,3.7280271770638773,3.0198811376811596,1.4939176240381091
H208000101,1976-2005,73.89784944941266,153.3752188035114,130.9088524557971,76.31069845071455
H208000104,1976-2005,76.997912723759,157.62163039708628,135.2677287655797,79.54039888933674
H214203001,1976-2005,5.064284256536567,15.509814408292865,9.208726798913043,3.8553459446683767
H214203002,1976-2005,5.534475667298219,16.742121479267837,10.171050234782609,4.328605867717112
H217232001,1976-2005,2.3641574028040924,6.937176107956668,4.671155133333333,2.180829426896299
H218201001,1976-2005,9.291483262978401,26.927502435188643,17.894389454347827,8.171265897764748
H222101001,1976-2005,24.283871378552483,65.13740465819949,47.669352858333326,23.10142063429828
H232201001,1976-2005,1.7028948916256157,4.813814832274935,3.3246795057971013,1.5629289047270063
H232202001,1976-2005,3.249930890867753,8.9363246391483,6.347655593115943,3.0850833642359836
H233202001,1976-2005,4.406728163698371,11.625220415763915,8.571503926086956,4.285718687797728
H233203001,1976-2005,4.821721590375142,12.53658923907359,9.35259370652174,4.7213469285452545
H241201001,1976-2005,3.2468983478590374,7.926654314904745,5.991826375724638,3.1374243459142543
H244233001,1976-2005,4.477890156119742,11.604567679865522,8.29841821521739,4.264419346647124
H244234001,1976-2005,5.254916428192497,13.485246584983189,9.740133335144929,5.032000363869549
H245202001,1976-2005,9.007993637741569,22.571612039596562,16.74985486630435,8.721470392817883
H246202001,1976-2005,12.475726773020083,29.93679169480762,23.264435757971015,12.402258887871016
H247301001,1976-2005,2.3075194892004545,4.916472268210684,4.059898810144928,2.3173425243679002
H248201001,1976-2005,17.35230726752558,39.9370041124393,31.945657546014495,17.3574565921583
H248202001,1976-2005,13.201782916256157,31.33957886589466,24.6636092,13.219705986808355
H312042010,1976-2005,3.1839578325123155,9.41852938961524,5.787353695652174,2.4112251227555883
H318041010,1976-2005,6.571540175824176,17.31253833843855,12.34659535036232,5.598355736167094
H322011003,1976-2005,351.71342522735887,726.9155972943594,610.6487828695653,357.8264154532796
H325041010,1976-2005,3.1680649117089805,5.973290614493837,4.9466229673913045,3.024944759618908
H332201001,1976-2005,1.0398765702917772,1.5149358404930893,1.3916609876811594,0.9674847270062295
H352201011,1976-2005,2.4499779420234935,3.110919320881584,2.9789549492753626,2.3709311762550382
H402203001,1976-2005,1.2621756070481243,2.1696885020545387,1.7360631942028988,1.0042967405643093
H403021010,1976-2005,0.9289325142099281,1.766522014568547,1.2958836833333334,0.7431344675705387
H403301101,1976-2005,2.118854719211823,3.3718474109077325,2.79904981557971,1.9097591923781605
H416021010,1976-2005,5.54444432967033,8.48346547665297,6.9990023141304345,4.9307782381824845
H418041010,1976-2005,1.2724393956043956,1.9531756955547255,1.7010001231884058,1.1962546628801758
H423041010,1976-2005,2.300682645320197,4.868261617482256,3.785996181521739,2.170632348845731
H425042010,1976-2005,3.954479412656309,7.8021736103847585,6.246884930434783,3.764956844998168
H432021010,1976-2005,15.465481976885183,25.152159608516996,20.884940567391304,14.316797490289485
H437042010,1976-2005,3.448953403183024,7.844688346656706,6.278074221014493,3.246597358006596
H438021010,1976-2005,20.01799431148162,34.56180837317893,28.484805553985506,18.557937761084645
H501102001,1976-2005,2.5921819833270177,7.108903101606276,4.806071259782608,2.238860388420667
H506201001,1976-2005,5.137365546419098,14.253259862906237,9.066845598550724,4.277535030414072
H508305001,1976-2005,3.5971395009473284,9.687536600298841,6.015301376811594,3.0409830190545986
H509101002,1976-2005,26.280361685486927,70.58561199103474,47.84618976485507,23.413477022718943
H510203001,1976-2005,4.720305792345585,13.608993863653344,8.090336305072464,3.800084665445218
H512234001,1976-2005,6.100355563849943,17.209707053418004,10.224021601086957,4.637044278490289
H517201001,1976-2005,18.068346159530122,50.642662572282404,31.786652185507247,14.832446253206301
H520101003,1976-2005,49.78470195452823,128.7827892248786,87.4975882615942,44.06130810516673
H530202001,1976-2005,1.4039556161424782,3.393338549495704,3.420972125,1.7283149098570905
H552201001,1976-2005,0.8309280140204622,1.4089772973477774,1.1861798797101448,0.832611709417369
H610201001,1976-2005,2.7926588143236075,7.941838889054912,4.486411643115942,2.107906701355808
H612201001,1976-2005,5.461918395983327,15.591063078819575,9.30635748115942,4.3506133873213635
H616201001,1976-2005,8.050433960212201,23.195134793051924,14.660393284057971,6.781948980578966
H620101001,1976-2005,16.105199095869647,43.846212699290255,30.48172991268116,14.402819254672043
H622101001,1976-2005,19.138919256536568,52.8867918121031,37.23554543043478,17.383522378526933
H623302001,1976-2005,2.5880024478969306,6.6003436604407915,4.868564329710145,2.542922444118725
H630382001,1976-2005,0.5620030253884047,1.1790850791931267,0.79826864057971,0.41931576694759987
H631302001,1976-2005,2.844607838575218,6.336750106836011,5.656027261231884,2.9702136819347746
H631303002,1976-2005,1.453484487684729,3.5963547362719464,3.07814450942029,1.4544469714181019
H632102001,1976-2005,35.12544277908299,81.57124020657453,63.68439794891304,34.29259202491755
H640201001,1976-2005,0.6152607385373247,2.2534731053418002,1.622978461594203,0.46365952656650783
H640202001,1976-2005,0.8798324172034863,2.986284483003362,2.2972648949275363,0.7447014111396115
H640203001,1976-2005,1.755207667298219,4.337173727680239,3.6939099760869563,1.7213103176987907
H640204001,1976-2005,1.4462721477832512,3.848520991408293,3.129206362318841,1.334368979479663
H641201001,1976-2005,2.513082099658962,5.769359118416138,5.150599536956522,2.6446894023451812
H641202001,1976-2005,2.5426001599090564,5.820288902876355,5.228929225,2.6967629303774276
H642000000,1976-2005,1.9599046752557787,4.728320772506537,4.105074666666666,1.9775874576768049
H642301001,1976-2005,0.81824524933687,1.456101855808741,1.2775329644927536,0.8525869538292414
H643201001,1976-2005,5.058276318681319,9.818929740381025,8.962103980797101,5.337624989373397
H702101001,1976-2005,1.9733168207654415,6.389454289876728,4.146675310869565,1.8954351022352511
H703301001,1976-2005,1.5057741587722622,4.814157761673515,3.19375045942029,1.4051364554781973
H704101001,1976-2005,5.191376339143615,15.557119543145312,10.924212874275362,5.100754351410773
H706101001,1976-2005,6.32106519287609,18.476049861412026,13.860950231884058,6.457089148772444
H714201001,1976-2005,3.3776960098522166,7.445957007097497,5.803993821376811,3.298462653719311
H716201001,1976-2005,8.176143472906404,15.159004406051551,13.218530692391305,8.370634814584097
H720101001,1976-2005,17.870385424403185,38.46017321329847,32.40411406413043,18.67528230963723
H732201001,1976-2005,0.7277065585449034,1.421144966006724,1.411814063768116,0.8516123939171859
H740101001,1976-2005,22.203998824175823,45.497017450504295,39.82389936195652,23.64687028325394
H751301001,1976-2005,0.8163237415687761,1.32785534889802,1.2444244884057971,0.8374968167827043
H760201001,1976-2005,1.1004648995831754,1.7537007396339188,1.451643657246377,0.9873133220960059
H774201001,1976-2005,4.1138038029556645,10.396536173701906,7.278112698913043,3.6536304668376696
H774202001,1976-2005,6.7164173937097384,14.938029330220395,11.125022138405797,6.151921263100037
I111101000,1976-2005,2.2475297870405457,6.011115964138962,3.586256684782609,1.6047607914987176
I205103001,1976-2005,2.7882625941644563,5.830850424729174,4.491001685144927,2.69196424184683
I205103002,1976-2005,2.6804225733232285,5.623690155771386,4.324521185144928,2.587713429827776
I221101001,1976-2005,6.028145399014778,13.235953426596936,9.982511275,5.829806264199341
I221103001,1976-2005,6.2439402565365665,13.715779104968247,10.361212280434783,6.057699584096739
I223000101,1976-2005,5.314363256157636,14.722767411654836,9.884874750724638,4.790781661048003
I352102001,1976-2005,12.630819562334217,36.51361340007471,23.950006347826086,11.38382037669476
I522101001,1976-2005,5.92201697309587,17.420418822936124,10.574264928985508,4.848550222425797
I523101001,1976-2005,7.319955661614249,21.608676238326485,12.949349764130437,5.962027637596189
I922102001,1976-2005,5.530763235695339,17.232517452372058,10.225517414492753,4.420803498717479
I923301301,1976-2005,5.40180769420235,16.900615087411282,10.020404969565218,4.3149766482227925
J012151001,1976-2005,2.753511905646078,6.927994904370564,4.827737088768116,2.4118414954195675
J373301001,1976-2005,4.824281085259568,18.8889419921554,9.40385213768116,3.272830267497252
J381181001,1976-2005,12.351569043577113,48.547772911094505,23.13081803478261,7.823194327958959
J541211001,1976-2005,5.485015026525199,21.400198816585732,10.890329123188405,3.893473417002565
J543211001,1976-2005,6.774900475179992,26.35625274822563,13.503530539130436,4.855985449615243
J706061001,1976-2005,3.285300541114058,8.57859250242809,5.836454957608695,2.892623037742763
J706062001,1976-2005,3.1905832031072374,8.373467716100112,5.675171899275362,2.807695607914987
J709063002,1976-2005,4.28234650928382,10.92883167799776,7.586750205434782,3.79787348845731
J748301001,1976-2005,3.509778534293293,8.188430624953305,6.028192368840579,3.1608885507511912
J750061001,1976-2005,14.873100115574081,34.92100879678745,25.68539585217391,13.335858351777206
J795301020,1976-2005,2.7852218272072755,7.228881217781098,4.713416051449276,2.3576970542323195
J820231001,1976-2005,5.683710361121637,18.2543097217034,10.887263388043477,4.740822432759252
J850231002,1976-2005,13.881022740810913,43.0062210526709,26.376995968478262,11.669533302308539
K022001001,1976-2005,13.078879195528609,16.102156612999625,15.792061061231884,6.865188471967754
K055001010,1976-2005,32.06142920462297,48.58552303137841,46.37223811086957,24.544054348479296
K069001001,1976-2005,41.90159864910951,65.47693467463579,61.93089995108696,34.19239422205936
K079001010,1976-2005,50.179072026146265,81.78744958348898,77.00675635615941,42.77729863576402
K117321001,1976-2005,3.63168128685108,8.214766204333209,6.503542596376811,3.585782020520337
K118001010,1976-2005,70.07921112959454,123.6235703623459,112.59778063550723,64.00099776877977
K125181001,1976-2005,4.972324115574081,13.119184748225624,9.520755027536232,4.689061518138512
K132181010,1976-2005,13.427894205380825,39.630017026522225,25.870476640942027,11.636287779039941
K134181001,1976-2005,16.046338581659718,46.181885815838626,31.208597557246378,14.366698140344448
K138301001,1976-2005,4.920901165593027,10.976172325737767,8.802761822463768,4.728586951630634
K139181001,1976-2005,21.184884613489956,57.6097269174449,40.52238702681159,19.39000982850861
K144001010,1976-2005,92.7990644789693,184.50603424691818,156.61369131956522,85.64562965005496
K156302001,1976-2005,5.2732613732474425,10.976127293612253,9.127260218478261,5.556048891168927
K170001010,1976-2005,101.744953629784,204.32386105752707,175.80448871992755,97.49093978966656
K177301001,1976-2005,9.29056221144373,25.612172598057526,18.4428989365942,8.798261692194943
K193001010,1976-2005,116.84642629632437,243.34770173813973,207.06728263550727,113.65584695712715
K196000101,1976-2005,3.1733633774156877,8.357864823309674,6.347812990579711,3.155979954195676
K209081001,1976-2005,6.702460604016673,9.146054568173328,8.190232915217392,3.722053297544888
K221084201,1976-2005,12.822511381583935,21.506566018304074,18.956530801811592,9.625345202638329
K230081001,1976-2005,15.434211348995833,26.40503037317893,23.344172857608697,12.45758143019421
K233081001,1976-2005,17.461016321333837,30.31808803287262,26.66417377210145,14.740293179552951
K243081001,1976-2005,20.716606294050777,35.981142402316024,31.958725284782606,18.428745270428728
K258301001,1976-2005,9.31636470784388,21.75353018602914,17.961595030797103,7.936293338219128
K259301001,1976-2005,9.439296215990906,21.970318781098246,18.16465556557971,8.076336209967021
K268081001,1976-2005,43.48634243615006,88.13509798505791,73.92845902789855,38.662171749725175
K268082001,1976-2005,43.32388673929518,87.88420548375046,73.66564915905798,38.45564930853793
K278301001,1976-2005,4.313154980295566,9.01934776391483,7.165079226086957,4.623358299010627
K279081001,1976-2005,52.19457212050019,105.7833070354875,88.96736595507247,49.097363260901425
K287191001,1976-2005,8.935851697612733,18.669059105715352,17.487088448550725,10.031792211799193
K295000101,1976-2005,14.154047229632436,29.590128095255885,26.556629030072468,15.866190851593991
K298191001,1976-2005,14.425252848806366,30.030718631303696,27.00054206050725,16.204912946866987
K303081001,1976-2005,68.80803015611974,139.41638701008594,119.30673261123188,67.76308359655552
K313000200,1976-2005,71.9518276839712,146.02339209152035,125.3650653289855,71.90145139831439
K329202001,1976-2005,9.612656925350512,22.78421228688831,18.339122475,10.969760676438256
K329304201,1976-2005,8.8665545066313,21.094257112439298,16.917499585507247,10.07111180835471
K330201001,1976-2005,10.127197529746116,23.96359593500187,19.306646626086955,11.598680169659216
K332201001,1976-2005,11.323357666540357,26.567332960776987,21.522245124275365,13.02403631293514
K337301001,1976-2005,2.417810056081849,4.827534183787822,4.448124623188406,2.862582991938439
K338201001,1976-2005,14.837798334217508,33.3700404213672,27.95731717210145,17.27317087064859
K340081001,1976-2005,89.03039401212581,183.5310087090026,157.94728727971017,92.53380665958227
K345081001,1976-2005,90.51501419211822,186.13360350466942,160.84461606376811,94.51947056394283
K357081010,1976-2005,92.9768050602501,191.32323638924169,166.495216792029,98.1494986229388
K365081001,1976-2005,94.87201774460023,195.64784719350018,171.23531127065218,101.11319349212165
K400001010,1976-2005,216.1264049010989,450.29869181023537,387.45844312282605,219.57721037376328
K415001010,1976-2005,226.36109886282682,477.6322162375793,411.68393179673916,233.34878407914988
K447001001,1976-2005,230.58460253467223,493.66778269592834,431.96230565181156,246.70277869659216
K467000201,1976-2005,3.9610697017809775,8.063380610011206,7.398406309057971,4.355795804690363
K478000201,1976-2005,2.7648267226222054,5.506012666417631,5.126050776811594,3.019830613411506
K479301001,1976-2005,2.8187438431223946,5.6010731707134855,5.210477918115942,3.074143179186515
K480001001,1976-2005,238.8644515009473,510.2337573418005,447.0962208344203,255.61846503664347
K509090001,1976-2005,2.6246508783630165,6.005459292118043,5.1322113344202895,3.116067086478564
K518302002,1976-2005,4.523442298976885,11.538452833769146,9.924261394927536,5.224840350677904
K520090201,1976-2005,8.064083028040924,19.653738341800523,16.90997218405797,9.419017037009894
K522090001,1976-2005,8.495959866616143,20.490883991408293,17.713030678623188,9.91710802381825
K538302101,1976-2005,3.5112222281167114,7.075910883451625,6.723673380072464,4.108117611212898
K540092001,1976-2005,15.48414181280788,34.41017685431453,31.13624726702899,18.09602474312935
K555230001,1976-2005,2.5530483323228497,5.285031952185282,4.395473096014493,2.6710613470135582
K565301001,1976-2005,2.4843643232284958,5.008472718714979,4.420095090217392,2.6769234063759617
K571231001,1976-2005,10.184566531640773,20.850552725812477,18.06096318369565,10.798977640527665
K610243201,1976-2005,3.4711070583554378,7.571823048935376,6.78315230615942,3.9210391663613047
K619242001,1976-2005,9.299275121636985,19.333586877101233,17.12620276521739,10.031676950531331
K633252001,1976-2005,3.2254691208791213,8.187194375420246,6.220899623188405,3.3388316687431296
K640250011,1976-2005,6.208337891625616,14.931632388494583,11.966117243840579,6.5860277248076216
K649251001,1976-2005,10.255635758999622,23.263347164736647,19.639434728985506,11.171065253572737
K650091001,1976-2005,50.41785572716938,108.25073623384385,96.18938467608696,56.4752398050568
K671091001,1976-2005,58.09060993065555,124.03524530407172,110.80871546702899,65.05447108281422
K672000201,1976-2005,58.27585225161045,124.39395723757939,111.17510912644929,65.27921280102602
K683002001,1976-2005,303.375088,647.9670497743742,572.4518079481884,329.76428546390616
K683002101,1976-2005,303.1020265774915,647.8671534426596,574.5520509945652,331.401218106266
K720261001,1976-2005,3.600919955665024,8.878071257751214,7.36487050615942,3.9152049047270063
K731261001,1976-2005,7.875971507010231,17.71458467799776,14.920110114492754,8.195845659582265
K754000501,1976-2005,13.431818113679425,29.65218422898767,25.019558492753625,13.825703563576402
L014061001,1976-2005,11.548022062144751,34.711099441539034,23.690949651086957,10.189994962257238
L030000101,1976-2005,5.878200615005683,17.188952033993274,12.827024505434784,5.824413768779773
L032151001,1976-2005,8.968007327775673,26.80245062159133,19.442416128623186,8.683038794063759
L040061001,1976-2005,21.472058971959076,64.34209239521853,45.19110651086957,19.83852644118725
L056301001,1976-2005,4.649623765441455,14.61174043332088,10.035651135144928,4.26456606302675
L070061001,1976-2005,29.884500015157258,90.15372227007845,62.87720530724638,27.620926031879808
L094061001,1976-2005,36.75720768624479,110.74794622263727,77.606413442029,34.43858252620007
L120000301,1976-2005,38.91263633914362,116.6258724142697,82.14572873768115,36.67297673946501
L232440000,1976-2005,8.796781784388026,22.805583271572655,16.074510814130434,7.902651546720411
L234161001,1976-2005,10.778103080712391,27.68347368098618,19.610756469565217,9.71004518908025
L250161001,1976-2005,13.98190674801061,35.24129948673889,25.198489618840583,12.667498314767313
L320062001,1976-2005,59.907628763546796,168.0445232241315,121.71349605036232,56.97392537852693
L420000301,1976-2005,6.310526778325123,18.81754747366455,13.938921053260868,6.18348901355808
L421071001,1976-2005,7.786740511178476,22.65892155472544,17.29942171775362,7.880233743862221
L422071001,1976-2005,9.067803105721865,26.269677075084047,20.265600591304345,9.296877668376695
L440000101,1976-2005,3.001879485032209,7.096175913335824,6.292212497101449,3.4556614210333456
L441171001,1976-2005,4.361293667298218,10.57306648860665,9.288020619202898,4.968402658849395
L453000201,1976-2005,15.312596866237211,41.82334299103474,33.684034662318844,16.353822864785638
L471071001,1976-2005,19.30305983402804,50.94322720918939,41.58711094492754,20.62233586258703
L510181001,1976-2005,3.823207504357711,11.168500515128876,8.693809138405797,4.0708206060828145
L530181001,1976-2005,9.245585637741568,27.293235278670156,20.2684810615942,9.480404652620008
L541181001,1976-2005,11.67478744789693,33.44645935338065,25.35080961231884,12.033135175155735
L556000102,1976-2005,2.991275731337628,6.939292601793052,5.949033992753623,3.196286634298278
L574191001,1976-2005,6.8893567495263355,16.411460520732163,13.659111691666666,7.201417359838769
L602071001,1976-2005,42.210583721864346,110.27174246283154,89.2757854460145,44.65913008611213
L620201002,1976-2005,3.965083210685866,8.497646209936496,7.204594378623189,4.0328363400513005
L620201201,1976-2005,3.4798047548313757,7.434169010085917,6.336276702898551,3.562848899596922
L700061001,1976-2005,108.53151402235694,292.02439785394097,222.99794508985508,108.32639151850493
L800001020,1976-2005,427.68636126600984,975.5122221684722,831.3008348159419,458.48541174166365
L814211001,1976-2005,3.633588647214854,11.200082632050803,6.510632566666666,2.9605346793697325
L822211001,1976-2005,5.297156358469117,15.62554134889802,9.427389431159419,4.408104144741664
L823211001,1976-2005,5.5576358624478965,16.24779056705267,9.895902960144927,4.657383477464273
L834301001,1976-2005,3.0412368548692688,8.33050253231229,5.294524376811594,2.6216648204470503
L852301001,1976-2005,2.328236667298219,4.587521224505043,3.845968334782609,2.1973281898131183
L922000101,1976-2005,4.620420444107617,9.474588318266717,8.121209319565217,4.596659877244412
M005061020,1976-2005,4.376448256157635,11.96011581359731,8.29789156231884,3.866726881641627
M024301000,1976-2005,2.352334325502084,5.555143419125887,4.076218494565217,2.1355362352510077
M025061020,1976-2005,13.307384880636604,35.37400298580501,24.553836375724636,12.04541528728472
M036151010,1976-2005,2.2511323395225467,7.360790440044826,4.350265309782609,1.4559021095639428
M040151010,1976-2005,4.656611718075029,13.56861510048562,8.800516157608696,3.6713446713081717
M042151010,1976-2005,6.636990346722243,18.0429098270452,12.536588899637682,5.731296801758886
M050061010,1976-2005,22.922785245547555,60.16860522525215,42.641033503985504,20.85421429901063
M068061010,1976-2005,30.898393330807124,79.45178604856183,57.52694300108696,28.679664997801392
M102000101,1976-2005,1.3329059420234939,3.414267685468808,2.0431648833333336,0.8315319245144742
M104161010,1976-2005,2.5605596043956043,6.46085436981696,4.310295960507246,1.9817430831806522
M112481601,1976-2005,8.676252283061766,19.11899060739634,14.42039596594203,7.404969217295713
M115161010,1976-2005,11.448861594543388,24.625176429585355,19.237891593115943,10.242310906192744
M123303000,1976-2005,2.1488984209928006,4.800254485244677,3.8940510126811594,2.144443648222792
M134161010,1976-2005,18.190537674497918,39.35093932274935,31.650967194565215,17.0268993198974
M153161010,1976-2005,23.95827835051156,51.63680221441912,42.46544581304347,22.937919525467205
M304091001,1976-2005,3.6448897893141345,10.884432334703027,6.822818113043478,3.1860754342249904
M306091010,1976-2005,4.946860674876848,14.724267118416138,9.366489771014493,4.376325570538659
M313301010,1976-2005,3.2342721762031075,10.03355028726186,6.435868299637681,2.7584520296812016
M323091010,1976-2005,12.605725355058734,37.41964837317893,24.124067347101448,11.035157907658483
M334091010,1976-2005,16.62523084994316,48.15998538812104,31.577217085144927,14.652199093807255
M360091010,1976-2005,21.519042624857903,60.584214074710495,40.195713589492755,19.030466191278858
M363091010,1976-2005,22.398951143993937,62.649570542771755,41.70385793949275,19.828315887871014
M377181010,1976-2005,3.1502283543008716,7.741010847964139,5.319008760869566,2.7603607493587394
M385181010,1976-2005,5.522926990147783,13.55721097908106,9.421054126811594,4.887223994503481
M386181010,1976-2005,5.885518857521789,14.39469265446395,10.033690915579712,5.215577742030048
M522201010,1976-2005,3.134784660098522,7.477144209936497,5.445863720652174,2.8882687251740564
M530001010,1976-2005,535.089589624479,1244.2699212618604,1037.4236029079711,564.9149414719677
M624001000,1976-2005,539.3951807101175,1259.877830850579,1058.1185601094203,577.187925534628
M711241010,1976-2005,5.8401514789693065,17.440649522226373,9.458704864492754,4.1942110487358
M730242011,1976-2005,8.587928854111407,24.991828411281283,14.089090964130435,6.48075669109564
M745301010,1976-2005,3.7660681133004927,10.886743883825178,5.892743170652174,2.753759378526933
O001004003,1976-2005,10.110080690791966,14.989719266716472,41.652684211231886,22.700165330157567
O020002001,1976-2005,28.366874954149303,49.755827586103855,105.89614070036231,54.89722301026017
O020004002,1976-2005,28.583702200833653,50.43308261001121,106.44948785217392,55.432107462440456
O039252001,1976-2005,8.088895593406594,16.73334704856182,28.314502628985508,13.94919503591059
O050252002,1976-2005,15.704663614247822,33.45779933246171,52.17534774202898,25.76413341407109
O059251001,1976-2005,18.21211027927245,39.55843340418379,58.88934823913044,29.180057890069623
O066001001,1976-2005,51.05913348086397,100.52353790287634,176.64015322173913,91.9607994840601
O082001001,1976-2005,54.405030960591134,108.18219214867389,184.49410639710146,96.0462222594357
O120251001,1976-2005,11.306285938613112,20.563083853193874,54.78611990652173,24.800953144741662
O125251001,1976-2005,14.531412154982947,29.76970484796414,66.01224609891304,29.719572068889704
O137251002,1976-2005,16.352108394467603,34.079940644378034,70.12041778804348,31.98691963613045
O153291001,1976-2005,4.365238350511557,11.41528158050056,13.26344419963768,5.537958920850128
O166291001,1976-2005,7.574564852216749,18.458852803511395,20.22796975362319,9.154504997801393
O171251001,1976-2005,24.644408105342933,53.93189358834516,91.77974938369564,42.116940050567976
O188251001,1976-2005,27.204152645320196,58.9265344811356,96.77586270978261,45.091287325760355
O198431001,1976-2005,1.7284151636983707,3.354014961150541,3.223694566666667,2.0281395804323927
O200001001,1976-2005,83.73216544334974,171.63676988382517,285.75111079927535,144.03041771931112
O222251001,1976-2005,2.962795984463812,5.637670005229735,5.140619241666667,3.0560676046170756
O234401001,1976-2005,1.9478310606290261,3.7197731270078447,3.473644180797101,2.0096428255771346
O262002002,1976-2005,97.27976270708602,198.54114362009713,310.5675537822464,160.6425243580066
O288000101,1976-2005,3.09514225198939,6.32294375793799,5.503653743478261,3.495744475998534
O290002001,1976-2005,101.51840789352028,207.27345338139708,318.18356237862315,166.711035644192
O312102002,1976-2005,13.94334451193634,17.296272543892417,13.547865004710145,4.813431325393917
O314101001,1976-2005,17.29388187949981,23.53514221479268,18.387639562318842,7.0494240476364975
O339403004,1976-2005,9.819970418719212,15.849033161748224,11.164713107608694,4.1383171458409675
O347000101,1976-2005,36.06936478552482,58.421418409413526,44.1661524518116,17.567345146940273
O402101001,1976-2005,51.87770567032967,95.84410577848338,71.91449522173913,29.27625959069256
O422251002,1976-2005,12.769451635089048,30.780381997385135,19.49726597246377,6.4870430655917914
O425251001,1976-2005,13.59357856801819,33.34216247067613,21.461802645289854,7.30027950274826
O439401001,1976-2005,6.986773899583175,16.95402145423982,10.734985267753624,3.7579845558812752
O469251003,1976-2005,24.970222564607806,59.705162507657825,41.312705907608695,15.851616042506413
O475401001,1976-2005,2.628771225464191,7.883867591333582,5.960659275,2.4889983008427996
O477401001,1976-2005,3.521873188707844,9.88393282555099,7.765531006884058,3.447206930743862
O479404001,1976-2005,4.100370936718454,11.012457132611132,8.89945828115942,4.071561285086112
O493101001,1976-2005,84.3349400530504,174.73099138961524,130.64819472826088,53.862892155734706
O509252002,1976-2005,4.281612849185298,11.19066147217034,8.804530439130435,3.6826498900696225
O519251003,1976-2005,7.174766586206896,18.75760823907359,15.138841670289855,6.451908191278856
O529251001,1976-2005,9.685595481242895,24.817872887560704,20.42799394021739,8.97683331366801
O548291001,1976-2005,6.640438113300493,18.05874106723945,13.697235810144928,5.837445357640162
O548293002,1976-2005,6.157465973853732,16.862309204333208,12.664432305072465,5.360773689996336
O555291001,1976-2005,8.651083892383479,23.230946601045947,18.028598980797103,7.776029326126786
O557291001,1976-2005,9.053467735126942,24.18853997422488,18.914220455434783,8.199679509710517
O560251001,1976-2005,18.774506779082987,49.085939057153524,39.416269084782606,17.213134124954195
O566401001,1976-2005,2.5832607108753316,6.605981397459843,5.617921797101449,2.6925968442652986
O576251001,1976-2005,25.586809822281168,65.69695641837879,54.05057602862318,24.415728318798095
O588251001,1976-2005,28.576855368321333,72.15487265072842,60.03590139746377,27.788623414437524
O590101002,1976-2005,115.28153841796134,252.3329749480762,196.35280501268116,84.94948213594724
O600001001,1976-2005,219.61956773361123,466.092608547628,520.5431121942029,255.66177779443018
O609000101,1976-2005,2.4014037536945816,4.857398940605155,4.155972377173913,2.7066668944668377
O614001001,1976-2005,225.30587958772264,478.30398325177435,531.2227757728261,262.3399766830341
O631000101,1976-2005,3.592136089427813,7.969582247291744,7.173441589855073,4.177119076218395
O637000201,1976-2005,5.442083387646836,11.607074903249906,10.223998424637681,6.240498913521436
O662000201,1976-2005,4.174246334975369,9.679817209189391,8.912460808695652,4.850650559179186
O687000201,1976-2005,1.75120374801061,3.8319832670900262,3.2653953072463766,1.9141611949432027
O710151001,1976-2005,11.709744430087154,21.642316599551737,17.119139589855074,7.727691664712349
O718151001,1976-2005,20.709979920424402,44.44781150466941,33.81586617173913,14.490006978746793
O723403101,1976-2005,16.366986668056082,32.93038316548375,25.57798772826087,11.266422624770978
O737000201,1976-2005,5.055847635089049,11.171669578632798,8.567265042028986,4.000055695492854
O760000201,1976-2005,13.480563435392193,29.582989007097495,23.974306322826088,12.002573436790033
O769251001,1976-2005,32.72600832701781,76.79977052782966,58.43905864927537,24.886409547819714
O769251101,1976-2005,21.24521962447897,46.5821146163616,37.756293110507244,17.22980856980579
O787401001,1976-2005,4.378823342553998,12.380951613746731,9.392949728260868,3.866092362403811
O791151001,1976-2005,63.13637237097385,149.9810484990661,112.99930126485508,47.77868999743496
O797151001,1976-2005,64.73433836150056,154.9260782106836,116.87928726630435,49.475057006229385
O811351001,1976-2005,6.42555471845396,19.973965382517743,13.415976555434781,5.240035144008795
O813352001,1976-2005,9.202142220917015,26.834467434815092,19.115249567391306,7.990708444851594
O843000101,1976-2005,79.864769093975,196.57866375345537,149.02004906847827,64.12722915976548
O848153002,1976-2005,86.42319362523683,213.28797772282402,163.65528674565218,72.39177412458776
O900001002,1976-2005,341.7273516813187,759.8523403701905,755.613771123913,373.58100671124953
O913401001,1976-2005,1.9924504615384615,4.622017825177438,3.685873431521739,2.073339263466471
O937251001,1976-2005,5.156667695339143,11.668877483750467,9.033446979710146,5.007192165628435
P018000101,1976-2005,11.22114289541493,27.397160168472173,20.699067473913043,10.005139193477465
P138000000,1976-2005,53.738736385752176,144.1353335024281,104.00520228731884,44.04708432063027
P150000101,1976-2005,7.41852547176961,17.927944004856183,12.790249230072464,5.0672324129717845
P152000101,1976-2005,7.456263927245169,18.020131129622712,12.860817455797102,5.099993412971784
P159251001,1976-2005,10.86126234823797,27.716344388121033,19.277389641666666,7.733739099670209
P163001001,1976-2005,65.43344016028799,174.7088084086664,125.25470973804347,52.62406235690729
P165001001,1976-2005,66.05143859719591,176.7191512506537,126.60273549673913,53.19834937119824
P196291001,1976-2005,15.637846289503601,41.155803910720955,28.60366472391304,10.43601685965555
P230001001,1976-2005,92.05029654831375,246.78865188942848,177.860625257971,74.19460697838036
P238001001,1976-2005,95.07284223721106,254.88034686589467,184.5732437692029,77.72286005899598
P248401001,1976-2005,3.3379938048503224,8.331376335076579,6.564840930072464,3.5497259926713083
P258001001,1976-2005,98.82161331527094,265.47617767575645,193.54914237572467,82.5718112330524
P313102001,1976-2005,8.927914737400531,27.59326822599925,17.722698394927537,7.004720575668744
P320102001,1976-2005,10.762831969685488,33.74710610459469,21.832397095289856,8.666512486625138
P392252002,1976-2005,10.849602979916636,32.1796883010833,20.859736476086955,8.517215763283254
P400101001,1976-2005,26.163676970443348,79.93182816062756,52.408567247826085,21.394783668743127
P427101001,1976-2005,32.31286626752558,96.37595364998133,65.42171002608696,27.906639749725173
P616151001,1976-2005,5.736901078438803,18.985047591333583,12.052336364130433,5.076268173689996
P616151101,1976-2005,6.3278581318681315,20.640878547627942,13.268204083695652,5.652368054965189
P634251001,1976-2005,4.74881045585449,15.852215370564064,10.27336752536232,4.160667349212166
P638251001,1976-2005,6.2492107286851075,20.034488180052296,13.452527542028985,5.688792550384756
P700151001,1976-2005,12.862921522925351,41.42283968546881,27.322246755072463,11.640817329791133
P712151001,1976-2005,19.665525196286474,59.26798964774001,41.32056896521739,18.511253600586294
P718152002,1976-2005,20.392845802576733,60.985134632424355,42.799749677173914,19.29556917002565
P726151001,1976-2005,22.144416023114815,65.44546549981322,46.521084315217394,21.27250378856724
P816252001,1976-2005,6.990760926108375,21.071687800522973,14.095368167753623,6.354838662147307
P828401001,1976-2005,3.2776474698749527,8.736151932760553,6.38828553768116,3.0495654833272257
P831252001,1976-2005,11.202499592269799,32.210611170713484,22.34897104384058,10.329695992304874
Q028003001,1976-2005,9.389178834406973,23.08436833545013,25.976146476086956,11.360225692561379
Q045001001,1976-2005,11.83975207502842,29.479178391856557,31.074415033333334,13.96589243972151
Q052252001,1976-2005,2.3984214573702163,6.471000097870751,5.872204584782608,2.517821430560645
Q061251001,1976-2005,4.817017212959454,12.690347689204334,11.205208032608695,5.079938761817515
Q061252001,1976-2005,4.369334939749906,11.498765749346283,10.25765975942029,4.575495838402345
Q074001001,1976-2005,20.03369479045093,50.75385449234217,49.340470124637676,22.943835414437523
Q109402001,1976-2005,4.115918656688139,10.818284106462459,7.611386330072464,3.5926581388787104
Q142001001,1976-2005,34.538673326259946,89.77155591072095,76.03828734637682,35.621310254305605
Q206000101,1976-2005,1.6253565759757485,3.768085002241315,3.0061546750000003,1.6636483869549286
Q215251001,1976-2005,3.3338870257673365,8.08921525401569,6.2699344757246385,3.3479380131916456
Q219252001,1976-2005,4.802897151951497,12.044237424729175,8.939615932971014,4.6383015196042505
Q224291001,1976-2005,1.5115996642667677,3.5803946215913336,2.790621986594203,1.4828554642726275
Q229291001,1976-2005,2.5695084172034863,6.453325359357489,4.8708090119565215,2.5065494683034077
Q235401001,1976-2005,1.9636618692686623,5.5503741393350765,3.665145411594203,1.814218761451081
Q240291001,1976-2005,5.350271971201213,14.387074304445276,10.047431011594202,5.053697849395383
Q250331001,1976-2005,12.464886220538082,33.1150734889802,23.222868841304347,11.743469522535728
Q259331001,1976-2005,16.289765022356953,44.08431541464326,29.973632226086956,14.923939360205203
Q312001002,1976-2005,65.37885616900341,171.3317667807247,127.29601936086956,60.06408994210333
Q335401001,1976-2005,2.379896552860932,6.0960597923048185,4.352767902898551,2.0436006812019056
Q346401001,1976-2005,12.244390762031072,30.6913217964139,19.26361464384058,8.607443093074385
Q480101001,1976-2005,17.403274626373626,27.489682450877847,58.37346378514492,29.76830144192012
Q504101001,1976-2005,23.628107995452822,42.140528443780354,72.18221107173913,35.760490576035174
Q550101001,1976-2005,37.35727537703676,77.1904065778857,96.91975192971015,47.60773078123855
Q700291001,1976-2005,26.491567683213336,53.93369228464699,73.8025124884058,28.719667544521805
Q741291001,1976-2005,52.557274639257294,115.6313883145312,121.20198769565216,48.45616913118358
R011001002,1976-2005,3.2578319950738917,8.470407564811357,6.225099220652174,3.031693810553316
R022001002,1976-2005,5.571264339143616,14.490348511766905,10.428148408695652,5.0749738534261635
R118001001,1976-2005,7.148804485790072,20.628152113559956,14.473954334420291,6.6141335452546715
R222001001,1976-2005,20.11373772603259,53.92427060664924,38.83666390362319,18.503695589959694
R314001002,1976-2005,24.54959399242137,64.55209623010833,47.40902680833333,22.865797037742762
R411001001,1976-2005,2.5928090977643046,6.109531411281285,4.470981736956522,2.309129504946867
R512331003,1976-2005,5.116359708222812,12.719713992528948,8.505525302536231,4.202770052033712
R608001003,1976-2005,3.05581896513831,8.061860795666792,5.564750114492754,2.6765929604250642
R614291001,1976-2005,5.79119248237969,14.737107717967874,10.270955017753623,5.011964054965189
S131501000,1976-2005,5.41129241038272,16.529187281658572,8.384440864130434,4.0775448926346645
S224251001,1976-2005,15.429862090943539,41.96972403847591,22.636681861231885,10.064391029681202
S322501001,1976-2005,5.157168025388405,14.080550989914084,7.470488444565217,3.578864418834738
U012401001,1976-2005,3.480213668435013,8.82906835039223,5.543805366666667,2.32778751557347
U023001001,1976-2005,10.817458201212581,27.599105605528578,18.095462857608695,8.175372924514475
U023401001,1976-2005,3.4903337093596054,8.673263327605527,6.197605896376812,2.943094009893734
U047401001,1976-2005,16.90857213186813,39.69760850803138,24.534524522463766,9.921289030780507
U053401001,1976-2005,3.541374819628647,8.605631858050057,5.751065048188406,2.6234839582264566
U053402001,1976-2005,3.8297029674118983,9.281153436309301,6.237663266666666,2.8555826738732137
U060001001,1976-2005,39.19725476582038,95.14140886850953,62.33611184855072,27.46511447709784
U061001001,1976-2005,42.34010866616143,102.503150918192,67.94446463876811,30.182142463906192
U072401001,1976-2005,2.7252474744221296,7.2295738188270455,5.246665029347826,2.295990727372664
U082001001,1976-2005,53.06114624554755,126.32150474112814,86.80882388478261,39.9384422711616
U092401001,1976-2005,3.383008902614627,8.893492422114308,5.970389190217391,2.6848826544521804
U092402001,1976-2005,4.4462956320575975,10.965699299589092,7.685046568478261,3.602662602784903
U104401001,1976-2005,15.821705600227357,35.32941841800523,22.16906787898551,9.311147068523269
U105401001,1976-2005,20.612691205380827,46.524340092267465,30.30071832463768,13.263654661780873
U108401001,1976-2005,29.34614407768094,67.58163475532312,45.510067517753626,20.32159486112129
U112001001,1976-2005,93.89331701818871,217.2669978262981,152.5651895,71.3113662543056
U121503001,1976-2005,2.5454122065176206,6.66911310384759,4.810043658695652,2.3986878226456576
U122401001,1976-2005,6.581476250852595,16.557644315278296,12.036400199275361,5.929821577134481
U122402001,1976-2005,6.974221752936717,17.190178695554724,12.659868297463769,6.3639748570905095
U123502001,1976-2005,1.2616212504736641,2.537094638027643,1.874322633695652,0.9326155243679004
U124404001,1976-2005,8.737253704054567,20.791730296600672,15.428001025362317,7.701430078417003
U131401001,1976-2005,2.0505456381205,4.82489919686216,3.728967684057971,1.9519370502015392
U131402001,1976-2005,2.967872143993937,7.196400642510273,5.4512025221014495,2.818334652986442
U132401001,1976-2005,4.487050030314513,10.942134652222638,8.297038732246376,4.195782670575302
U132402001,1976-2005,6.010187472906404,14.734784952185281,10.913604575724637,5.432838205203371
U133401001,1976-2005,6.4975103084501695,15.853670286141202,11.86298274347826,5.896147677537559
U133402001,1976-2005,6.168848752178856,15.110051741875234,11.21175988768116,5.561384469036277
U142001001,1976-2005,113.71126903334597,261.987200757938,188.58837568804347,90.02787701282521
U202201001,1976-2005,10.67984826828344,18.077198617482257,19.24772749963768,7.882099801392452
U202202001,1976-2005,10.777946814702538,18.24877695330594,19.417796236231883,7.95415042543056
U210201001,1976-2005,15.823764580143996,27.718114260366082,27.590415121376815,11.8119972139978
U210202001,1976-2005,14.839814101174689,26.053002336944342,25.85614674311594,11.047038934774642
U211201001,1976-2005,23.63355119249716,40.16914952857677,42.231815363405794,17.969172142543055
U212201001,1976-2005,28.305555467980295,47.79131548785954,50.423749472101456,21.681476661414436
U214201001,1976-2005,30.856748341796138,52.61996805902129,54.772223831521735,23.934763910223527
U220201001,1976-2005,32.800627803713525,56.53040525214793,57.88272500543478,25.56546851740564
U221502001,1976-2005,11.86270453884047,21.847632599178183,18.836000200724637,9.343723313301576
U222201001,1976-2005,47.55690277415688,84.37282984497571,81.4028667615942,37.2411488442653
U233401001,1976-2005,9.23682759795377,20.887437361598806,14.897508985144926,7.19314244778307
U235401001,1976-2005,17.592451879499812,39.409258849458354,26.429725735869564,11.960025093074387
U240201001,1976-2005,67.56118296059114,129.15849867725066,111.76052707789856,51.20749195749359
U241201001,1976-2005,70.83387387040545,136.80200444004484,117.50963612173912,54.04714655148406
U242526001,1976-2005,6.25142723342175,13.176373965259618,9.551398648913043,4.74757381238549
U251201001,1976-2005,80.59108366085638,158.21172350616362,133.13966146231883,61.75147396628802
U254201001,1976-2005,85.23683101477832,171.21085193500187,143.34835202971013,66.19437928984976
U255201001,1976-2005,85.52787203902994,172.20125023234965,144.22053414130434,66.52086942616343
U260403001,1976-2005,8.022227663129973,15.712376485618229,12.141757798550724,6.112527159399048
U262401001,1976-2005,21.352344736642667,43.79260881098244,32.11306095978261,16.569774230120924
U263401001,1976-2005,24.93569908033346,51.81291520171834,37.52598323442029,19.254980821546354
U263402001,1976-2005,24.836555619552865,51.588218164736645,37.372686405434784,19.175963644192013
U265401001,1976-2005,29.238956899583176,62.57757312065745,45.57458981195652,22.565994208867718
U272201001,1976-2005,118.6650717260326,245.78435409002614,198.98028796195652,92.97667504323928
U273201001,1976-2005,120.70946437589997,251.48922147590588,204.22343257608696,95.23906779113229
U303401001,1976-2005,5.639150755589238,13.65972747553231,10.452768914492754,4.850177413338219
U310001002,1976-2005,235.2013714679803,516.5465415431454,397.92656288768114,187.82420345987543
U312001001,1976-2005,242.06236702084124,533.7648627885693,413.09177302246377,194.84663658739467
U321401001,1976-2005,2.352254362258431,5.7215679548001495,4.37276808115942,2.2970611945767683
U322501001,1976-2005,1.6790264137931032,3.9985712372058275,3.140086526811594,1.6183053407841699
U323401001,1976-2005,5.94579866502463,14.006250258871871,11.092319061956522,5.817773688530597
U331001001,1976-2005,251.95012481129217,558.6272155737767,435.93031040108696,205.93515583400514
U341503001,1976-2005,3.850948409624858,8.418407032499067,6.218152520652174,2.826511084279956
U342401001,1976-2005,10.464256717317166,22.300328815091518,15.852159898550726,7.604899094540124
U346401001,1976-2005,23.25225726487306,48.14273661075831,34.55996051775362,16.703814881275193
U462401001,1976-2005,3.1699602269799168,7.1085047295480015,5.522822889130435,2.7512367277390988
U464401001,1976-2005,6.871813640773019,13.969669650728425,11.158824448188406,5.734963156834005
U470001001,1976-2005,312.7155109863585,671.6178405498692,530.7161200413043,257.8125171348479
U472002001,1976-2005,315.69305824062144,674.7332393089279,534.4865958086956,260.831579467937
V003201001,1976-2005,15.422302812428951,11.852172612626074,34.05225527246377,46.693428500916085
V022000202,1976-2005,42.35809118832891,50.85886472992155,97.9631521384058,83.55507312422132
V100001001,1976-2005,239.8934662989769,239.3947847459843,468.95616181775364,649.5050354972518
V102002100,1976-2005,254.07866068131867,264.61294038662686,494.35192652427537,659.3754588798095
V126402301,1976-2005,27.089277195149677,46.703254181546505,57.40884928731884,28.50129268303408
V131502001,1976-2005,6.405107354679803,11.975155202465446,11.450499539855073,5.921521516306339
V177401001,1976-2005,8.285808411519515,12.672076110197985,10.716911196376811,5.0527028175155735
V220201000,1976-2005,20.023303557029177,36.21416170265223,30.34829610978261,13.43556018504947
V220202001,1976-2005,20.512198397499052,37.219290641763166,31.047651553985506,13.771606602784905
V232000000,1976-2005,32.128983721864344,59.57188838812104,47.4885143557971,21.287006516306338
V244401001,1976-2005,17.881725363016294,28.4987693459096,31.360829239492755,11.659415546353976
V244402001,1976-2005,21.083561690034102,35.023748509152036,36.63758940615942,14.07303790326127
V244403001,1976-2005,22.431392141341416,37.80510406275682,38.7397906942029,15.047041621106631
V262401000,1976-2005,6.316160322091701,12.593985012327233,8.612795927173913,4.056163464639062
V271201001,1976-2005,74.98161825843123,136.41269436757563,115.16824096050725,49.03998298497618
V281402001,1976-2005,6.548560484274347,13.07479905864774,8.715065704710144,4.215836902161964
V281403001,1976-2005,6.950631199317924,13.827005072842734,9.28160552536232,4.482995709417369
V293401001,1976-2005,8.031306417961348,14.249988925289502,11.800163919927536,4.395021590692561
V294201001,1976-2005,92.99462247063282,170.22070582032126,140.99283229746376,60.07792943898864
V300002001,1976-2005,451.99803344903376,616.7024758599177,803.1835506728262,818.2271961861487
V311401001,1976-2005,3.0218615293671847,4.413866065745237,4.299083818115942,2.6157919549285453
V312401001,1976-2005,3.517176882152331,5.1113994475158755,4.878767973188406,2.9090965716379626
V322401001,1976-2005,3.800842851837817,5.516896859544266,4.566597955797102,2.3406581407108833
V322402001,1976-2005,2.9340304300871543,4.331501267837131,3.565970514855073,1.7624628270428728
V342431001,1976-2005,6.647037467222433,10.45597241800523,8.74980260978261,4.081493274825943
V343401001,1976-2005,10.686789947328533,15.568174895031753,13.509804261231883,7.494717108464639
V372401001,1976-2005,6.922145489200455,8.486272879716099,6.67605952826087,3.164595060095273
V374401001,1976-2005,8.537569046608565,10.293083703399327,8.086144578623188,3.8765402964455844
V413000101,1976-2005,11.86533537248958,13.487286536047813,10.387807847101449,4.101879253939172
V415401001,1976-2005,17.195356051913603,19.434079423234966,14.289839878985507,5.8002517233418835
V426401001,1976-2005,15.418996600227358,25.3555186989167,27.748764380797102,12.674813330157567
V501401001,1976-2005,23.105775025767336,24.44445942883825,16.51825449782609,6.461377975448882
V501404001,1976-2005,14.395546377036757,15.064930397833397,10.707214998550725,4.161695354708685
V504503001,1976-2005,18.30260374763168,19.054219983190137,14.128594846014494,5.000540750091608
V504881401,1976-2005,20.346382025009476,21.189733656331715,15.373994625724636,5.461151021253206
V505401001,1976-2005,61.89014892231906,67.41797677923047,45.35320703188406,17.82262304323928
V506401001,1976-2005,65.81086791019325,72.50637634703027,48.67551776050725,19.482617635764015
V532401001,1976-2005,5.552028045471769,8.969134936496078,7.1963502242753625,3.4520931304507143
V547000000,1976-2005,20.173290834785902,24.58651798356369,15.790241873913043,6.856651233418835
V547401001,1976-2005,19.19598124175824,23.481699230481883,15.084747992753622,6.529654504580432
V605201001,1976-2005,5.956873373626373,9.146071476652969,7.3203484992753625,3.551213448882374
V713501001,1976-2005,7.7061716657824935,9.241588657825924,5.579363055072464,1.8078461821179919
V714401001,1976-2005,16.69911716104585,19.917921989166977,12.101042293478262,3.8081631788200805
V718501801,1976-2005,34.38596796248579,42.19303471834143,25.740955735869562,9.400257532795896
W011001001,1976-2005,13.791668602122016,10.12230976989167,48.13107646231884,36.859309659582266
W030000201,1976-2005,22.749245407351268,17.367426098617855,82.20180104746377,60.81241794943203
W102000200,1976-2005,7.05596971580144,3.6085094796413895,25.001668831521737,22.6979876896299
W103000301,1976-2005,10.44775325994695,6.544476156144938,39.081599626811595,31.23194843092708
W106000301,1976-2005,16.07967790299356,13.132923657452372,63.22460198442029,42.76428332832539
W107401001,1976-2005,21.622504381962862,19.35067320881584,79.76304622391304,53.36932949541957
W107403100,1976-2005,20.501876964001514,17.603824290997384,76.43591244927536,51.57907584060096
W110001001,1976-2005,67.68749694353922,71.71448176540903,233.7177855619565,151.1247349292781
W111001001,1976-2005,70.2633931303524,78.29859372207694,240.30379515398553,154.69333879406378
W141001001,1976-2005,87.24057165479348,105.66643119275308,275.61424092463767,179.06162356504214
W222000101,1976-2005,15.966080689276241,16.847501967874486,42.02509359528985,20.03162608941004
W276721100,1976-2005,17.84384911557408,13.422194505416511,53.34331728985507,42.70335624697692
W283201001,1976-2005,54.30135402122016,64.3427217814718,149.1130138365942,87.10357503627702
W283201100,1976-2005,55.32873046608564,66.48003403212552,150.90707881775364,88.20640951813851
W302000301,1976-2005,146.13640080030316,178.6210648027643,432.88707679021735,272.06508023012094
W320001001,1976-2005,151.88360234823796,187.9572762390736,440.3313813326087,278.50893191681934
W333521201,1976-2005,4.949722917014021,7.7987738797161,11.446364886594203,4.190443902161964
W334000100,1976-2005,12.396279424024252,19.503870430332462,26.724760123550727,10.925145068156834
W354001000,1976-2005,178.06807105570292,225.79280718901754,481.7254600768116,302.9354007988274
X001561301,1976-2005,6.695640843501326,5.491547946581995,24.960500602173916,11.14472663832906
X013001001,1976-2005,10.917653521030694,9.02633406910721,38.11978299275362,20.80031950054965
X031001001,1976-2005,25.068793901477832,22.267105862906238,86.82138337608696,41.933320126419936
X043401001,1976-2005,5.372001960591133,4.128764482629809,20.46936760724638,8.104606617075852
X045401001,1976-2005,9.237534644941265,8.261201135973105,32.64403578369566,12.477341739098572
X050551301,1976-2005,37.57692633762789,34.95004103660814,127.7524242057971,58.32695124734335
X102691501,1976-2005,3.499299702917772,5.43061618341427,8.512691763405797,2.8883758783437155
X103402001,1976-2005,8.73868267525578,14.255843639148301,18.45723431485507,6.655642205569805
X104000301,1976-2005,12.750894593785524,21.533397972357115,24.04636878333333,9.24292782594357
X113000101,1976-2005,67.88627137097384,89.84947486290623,183.42665165471016,81.19432964639061
X131001001,1976-2005,78.380477160288,107.36787531378408,202.96026873586956,90.51861276914622
X142000101,1976-2005,3.1647610068207657,6.301347067239447,6.042549817391304,2.8878481982411137
X220202001,1976-2005,7.940260361121637,9.303735090399702,18.569040579347828,7.41876050677904
X220202201,1976-2005,8.633480137931034,10.652126850952559,19.780147087681158,8.007622770611945
X260201001,1976-2005,18.52535541341417,27.72966485580874,33.40206970362319,14.31088768559912
X281121101,1976-2005,21.358930062144754,32.17893096115054,37.516204591304344,16.55144089556614
X300101301,1976-2005,110.10141326638879,158.46943456182294,256.90914351884055,115.86297031513375
X302001001,1976-2005,112.25747833118606,162.14073738401197,260.02710272028986,117.96403324770979
X331001001,1976-2005,116.6010938154604,168.96906268808368,265.5754502739131,121.87600488750458
X348402001,1976-2005,6.944347001894657,11.884847136720209,8.839614541666668,4.113636649322096
Y028406001,1976-2005,8.826159079575596,10.42085357265596,11.250137576449276,6.529649151703921
Y043401001,1976-2005,4.412053130731338,6.636740458348898,14.31200403442029,5.917571237083181
Y044401001,1976-2005,6.925844130731338,10.571976432947329,19.768558366304347,8.40097720117259
Y046402001,1976-2005,7.002608464569913,10.675601163615989,19.85492292427536,8.442285557713447
Y046403002,1976-2005,7.404721888973096,11.306842632797908,20.41496331268116,8.70138625064126
Y066404001,1976-2005,6.033874381962865,11.291749168845723,10.886818421014492,4.487531046537193
Y111201001,1976-2005,4.721081733990148,11.861749708255509,19.004228451449276,7.532410547819714
Y123201002,1976-2005,10.080588515725655,23.612465627941724,30.583568676811595,13.189593013924515
Y136401001,1976-2005,4.522553498294808,11.779040783713112,9.44521045326087,4.358110340051301
Y136402001,1976-2005,4.260119934065934,11.305955171834142,8.938744750362318,4.078200050567974
Y142201001,1976-2005,17.464745151572565,42.718574679865526,46.12996962282609,20.150675057530233
Y156401001,1976-2005,3.8031572239484652,6.148148902502802,5.338000279347826,2.4588468578233784
Y210002001,1976-2005,22.328728102311484,27.598460665296976,17.247919419927534,5.8713471069989005
Y213001001,1976-2005,26.148102743842365,33.33239323907359,20.632500255434785,7.294153568340051
Y213001002,1976-2005,26.6556328685108,34.180188202465445,21.156566197826088,7.5198293942836205
Y230002001,1976-2005,38.16602710875331,52.43125259208069,32.22675206268116,11.951675910956395
Y237001001,1976-2005,42.84819039408867,60.607833641763165,37.253254747826084,14.481322086112128
Y237002001,1976-2005,42.821280919666535,61.00854482592454,37.59684133152174,14.665818185415901
Y255001002,1976-2005,17.489022226979916,31.05187911580127,18.56142408695652,5.891974051667277
Y258001002,1976-2005,21.114187465327777,37.175147892043334,22.75296494710145,7.789847324294613
Y345402001,1976-2005,8.21163212580523,11.059314019424729,6.827328447826087,2.969518511176255
Y346401001,1976-2005,10.415814983327017,14.512667534553604,9.060553688768117,4.042555015023819
Y412201001,1976-2005,3.161485255778704,4.868616282032126,3.5907596510869566,1.9273542323195312
Y412202001,1976-2005,3.8221708855627132,5.718133902876354,4.222606307608696,2.2977952905826307
Y412204001,1976-2005,3.4355428370594923,5.2445069447142325,3.8706771818840577,2.0867751542689628
Y442404001,1976-2005,1.7255749132247065,2.9601149757190885,1.9331183347826086,0.9893297951630634
Y462401001,1976-2005,4.794070961727927,9.073277743742995,5.079513760869565,2.3100957262733606
Y503202001,1976-2005,4.529433475179992,7.596218654837505,5.368651364130435,2.604856729204837
Y511201001,1976-2005,8.882870182644941,15.433692664176316,10.196497383333334,4.826703493587395
Y520201001,1976-2005,12.64067166502463,21.960075294359356,15.022607853260869,7.113234135947233
Y531201001,1976-2005,19.041220706328154,34.009361677624206,22.792930349275363,10.738341233418835
Y553403001,1976-2005,5.655440610079575,9.922451746357863,6.900515169565218,2.9063875485525834
Y553404001,1976-2005,5.70149411784767,10.04546788868136,6.998730340217392,2.946534617075852
Y604201001,1976-2005,8.533031136036378,11.518844522973477,17.404556963405795,7.232524469402712
Y623402401,1976-2005,11.814723556650247,11.420465342921181,25.872755160869566,10.544965136680101
Y624000101,1976-2005,25.655618663508907,32.23157432050803,52.270930758333336,21.535385019054598
Y644000000,1976-2005,38.253513371731714,50.76889723048188,72.30565761884058,30.508459305240013
Y644201001,1976-2005,38.46974546646457,51.38162506126261,72.84870378297101,30.995628427262734
Y721000101,1976-2005,11.733319693823418,24.24772039223011,21.124532030434782,6.826640566141444
Y911000203,1976-2005,7.143823034103827,14.556931513634664,13.105771845289855,4.292045502381825
