Station,Débit_moy_Hiver,Débit_moy_Printemps,Débit_moy_Été,Débit_moy_Automne
M624001000,1254.737,1141.445,544.608,537.732
M530001010,1241.26,1120.116,531.328,533.1
L800001020,978.188,902.536,428.741,426.221
K683002101,653.279,627.025,311.916,307.986
K683002001,653.822,624.875,310.049,308.223
O900001002,730.628,779.402,336.033,335.339
K480001001,521.601,489.402,240.241,245.832
K447001001,506.764,474.485,232.246,238.499
K415001010,495.125,453.25,219.678,234.88
K400001010,469.332,426.944,206.657,225.035
O614001001,473.273,543.555,235.944,227.142
O600001001,461.418,531.92,229.971,221.166
U472002001,712.796,549.836,236.68,283.928
U470001001,709.472,545.881,233.647,280.761
U331001001,588.465,443.34,185.513,220.829
U312001001,562.591,418.038,175.063,210.354
V300002001,722.909,819.144,656.425,388.534
L700061001,290.504,239.789,99.124,102.611
U310001002,545.839,401.087,168.397,203.814
K193001010,259.632,229.923,107.029,125.153
O590101002,230.039,204.09,80.297,110.611
O290002001,225.088,321.172,145.918,107.498
K170001010,219.741,195.033,91.871,110.141
K365081001,198.934,187.073,95.186,95.798
K357081010,194.696,181.704,92.297,93.806
O262002002,216.708,312.537,140.458,102.912
K672000201,120.308,121.394,61.565,56.771
K671091001,119.945,121.027,61.345,56.587
K144001010,196.608,172.604,80.652,100.269
K345081001,189.192,174.902,88.648,91.086
X331001001,176.286,257.913,105.538,100.993
X302001001,169.572,252.175,101.895,96.699
K340081001,186.2,171.321,86.589,89.393
W354001000,265.851,474.777,234.074,153.272
X300101301,165.944,249.068,99.931,94.444
U142001001,269.443,196.828,81.676,98.11
K650091001,105.64,106.141,53.289,49.473
V102002100,314.906,517.046,523.967,215.53
A850061001,260.958,169.966,74.188,92.07
O848153002,193.102,170.482,65.807,78.543
V100001001,284.608,494.051,516.026,204.325
L320062001,169.763,130.68,52.182,56.57
O200001001,189.384,284.647,124.848,86.777
W320001001,223.361,432.486,212.607,129.104
P258001001,256.398,201.432,71.247,83.878
W302000301,213.01,423.803,207.173,124.018
K118001010,135.879,123.57,61.154,78.68
O843000101,177.443,155.066,58.34,72.171
O493101001,160.325,135.678,50.763,80.289
K313000200,148.455,134.455,67.388,72.702
K303081001,140.73,127.41,63.511,69.081
U112001001,225.988,157.302,64.139,80.813
P238001001,246.544,191.677,66.749,80.352
X131001001,115.57,196.006,77.551,65.649
L602071001,107.706,96.521,40.717,39.934
M153161010,49.667,43.141,20.67,22.109
Q312001002,159.943,133.518,51.915,61.085
P230001001,239.162,184.377,63.484,77.577
U273201001,273.423,198.889,84.07,104.967
M068061010,78.29,61.458,27.518,30.843
U272201001,267.519,193.077,81.84,103.029
K279081001,102.708,93.937,46.537,51.098
O797151001,139.195,121.01,45.057,58.019
A701061001,200.477,124.252,52.049,71.543
X113000101,97.601,176.364,69.167,56.346
O791151001,134.714,116.861,43.474,56.538
K079001010,87.649,82.161,41.152,56.324
M134161010,37.173,31.926,15.062,16.358
W141001001,128.501,270.024,135.353,76.505
P165001001,172.702,131.408,45.14,55.097
P163001001,170.813,129.957,44.647,54.538
U082001001,130.96,89.198,35.855,45.677
K268081001,85.289,76.837,36.785,42.158
O082001001,118.775,183.584,81.487,54.626
K268082001,85.029,76.524,36.574,41.959
M050061010,58.567,45.216,19.818,22.42
U255201001,187.907,137.252,59.193,73.791
O588251001,64.417,62.119,26.303,27.507
L120000301,117.207,87.396,32.204,35.483
U254201001,186.859,136.282,58.885,73.529
W111001001,97.087,234.014,116.739,63.076
K069001001,69.829,66.391,33.345,47.321
O576251001,58.18,55.663,23.038,24.2
O402101001,86.033,73.398,27.683,48.556
O066001001,110.895,175.602,77.793,50.895
L094061001,111.088,82.388,30.068,33.359
W110001001,89.868,227.438,113.796,60.973
R314001002,68.866,50.64,22.526,25.21
M115161010,22.715,19.412,8.725,9.976
P138000000,141.32,107.973,37.392,44.809
U251201001,173.292,125.42,54.971,69.499
M363091010,61.018,43.75,19.0,22.814
O188251001,66.186,96.205,40.663,29.791
Q142001001,84.779,79.665,30.981,33.299
M360091010,58.814,42.054,18.176,21.814
B315002001,77.234,53.738,23.22,23.377
P726151001,62.19,49.539,19.751,20.576
R222001001,57.541,41.522,18.116,20.594
U241201001,150.652,109.614,48.05,61.023
U061001001,106.615,69.027,26.94,36.112
A931109050,69.836,48.561,22.98,24.193
P427101001,92.608,69.28,23.966,28.44
V294201001,199.783,133.483,49.26,80.763
M112481601,17.529,14.639,6.156,7.522
X050551301,41.47,121.176,49.257,30.817
W283201100,77.091,147.041,67.98,44.713
U060001001,98.948,63.036,24.506,33.245
K540092001,34.635,36.532,17.393,15.736
W283201001,74.831,145.193,67.015,43.934
O171251001,61.03,90.78,37.88,26.645
U240201001,142.773,103.764,45.428,58.22
L070061001,89.8,66.204,23.752,26.848
A573061001,106.219,66.465,27.012,37.679
P718152002,57.873,45.482,17.828,18.819
L471071001,49.922,45.145,18.644,18.24
K754000501,28.727,26.52,12.763,12.879
J750061001,31.721,26.965,12.745,14.265
O769251001,70.422,60.108,22.735,29.118
Y142201001,45.536,48.646,19.53,20.903
K055001010,50.539,48.326,23.799,35.101
K139181001,56.953,44.796,17.345,19.976
O560251001,43.22,40.644,16.277,17.412
P712151001,56.23,43.905,17.076,18.098
K243081001,33.648,33.929,18.109,21.745
M334091010,46.134,32.739,13.824,16.547
L250161001,36.37,27.603,12.436,14.138
Y644201001,53.985,74.973,26.93,34.331
Y644000000,53.195,74.359,26.483,34.134
A692101001,86.568,51.258,21.627,30.734
V271201001,160.26,107.703,40.406,65.223
M025061020,34.37,26.376,11.642,13.25
O347000101,52.82,44.926,16.571,33.871
E183041001,17.127,14.145,8.533,8.104
Q550101001,79.519,98.963,38.858,36.398
Y237002001,56.922,40.099,13.799,37.965
B222001001,51.301,35.433,15.124,16.069
Y531201001,34.965,23.487,10.02,21.347
Q259331001,39.931,30.702,13.091,14.985
P400101001,78.022,55.647,18.139,22.967
J850231002,40.066,29.269,11.628,13.653
O769251101,42.681,38.528,16.059,19.894
K338201001,33.159,31.315,15.837,14.141
Q741291001,123.847,119.334,39.481,51.563
Y237001001,56.668,39.601,13.605,37.884
L453000201,41.217,36.563,14.595,14.371
Q074001001,49.414,51.583,20.393,19.844
O469251003,56.737,44.142,14.672,23.769
L040061001,64.104,47.164,16.822,19.262
B213001001,46.932,32.534,13.918,14.869
K134181001,44.823,34.068,12.677,14.668
K233081001,27.858,27.835,14.362,18.09
K649251001,21.453,20.173,10.367,9.502
V506401001,73.701,52.94,17.892,65.797
O020002001,56.221,104.863,44.639,26.926
O020004002,56.797,105.5,45.126,27.169
U222201001,95.49,73.625,32.637,41.217
X031001001,26.872,83.127,35.2,20.532
I352102001,31.425,24.393,10.345,11.476
K619242001,18.833,18.908,9.298,9.2
M323091010,35.565,24.927,10.348,12.437
L234161001,28.766,21.43,9.545,10.912
O718151001,39.08,34.6,13.102,18.919
U108401001,71.599,46.479,17.884,24.948
Q250331001,29.995,23.718,10.338,11.585
K571231001,20.782,19.394,10.114,9.934
P831252001,32.068,23.638,9.865,11.119
V505401001,68.687,49.514,16.319,61.423
M042151010,17.535,12.958,5.205,6.16
L541181001,32.958,27.288,10.668,10.94
Y230002001,49.114,33.944,11.171,33.172
P700151001,39.757,29.311,10.614,11.647
L232440000,23.767,17.502,7.764,8.912
Y624000101,33.637,52.074,18.509,22.197
O137251002,39.681,68.475,27.978,16.879
X281121101,31.987,36.703,14.457,19.229
U346401001,52.213,37.504,14.727,21.309
K132181010,37.971,28.076,10.174,12.02
W107401001,24.64,78.7,41.163,19.49
O760000201,26.383,25.014,11.42,13.339
K230081001,24.145,23.971,11.978,15.879
Y123201002,26.379,31.682,12.855,11.971
W107403100,22.451,75.559,39.675,18.429
U265401001,68.051,45.728,19.019,25.7
A161003001,45.522,33.089,13.901,15.119
Y520201001,22.043,15.023,6.573,13.91
B115001001,36.612,25.37,10.684,11.582
K731261001,17.259,16.207,7.571,7.626
V022000202,60.408,95.974,65.581,37.332
K522090001,20.373,20.309,9.146,8.333
O723403101,28.715,26.076,10.254,15.266
S224251001,39.062,24.583,9.216,13.507
K332201001,26.108,23.445,11.633,10.451
L574191001,15.94,14.8,6.734,6.591
K520090201,19.52,19.346,8.644,7.872
X260201001,27.705,33.051,12.525,16.488
W030000201,22.541,82.394,44.067,20.471
V718501801,40.257,26.118,8.372,32.453
O059251001,43.744,58.116,25.827,19.146
O529251001,21.937,21.146,8.49,9.028
O557291001,21.213,19.423,7.753,8.351
K298191001,33.872,29.472,14.648,15.567
Q504101001,46.762,71.953,29.137,23.279
W106000301,16.54,62.406,33.148,14.443
L922000101,9.625,8.516,4.417,4.676
K177301001,25.967,20.036,8.002,9.059
O555291001,20.385,18.535,7.361,7.978
I221103001,11.321,10.168,5.142,5.362
M040151010,13.107,9.094,3.251,4.206
K330201001,23.613,20.828,10.282,9.274
U220201001,64.822,51.428,22.036,28.026
M386181010,14.701,10.812,5.182,6.258
L530181001,26.898,21.775,8.256,8.589
M730242011,24.126,15.047,6.254,8.601
U263401001,56.608,36.959,16.165,21.899
U263402001,56.374,36.793,16.095,21.812
V126402301,55.153,53.914,22.64,24.665
O166291001,19.951,20.7,8.981,8.886
O125251001,35.35,64.241,25.822,14.834
B611101001,34.546,20.96,8.909,8.732
Y258001002,34.545,26.294,7.442,18.934
I221101001,10.937,9.807,4.958,5.18
M385181010,13.815,10.127,4.844,5.845
K329202001,22.462,19.733,9.697,8.779
Q045001001,29.477,32.183,12.38,11.837
A147003001,24.178,18.171,7.912,8.613
K295000101,33.357,28.927,14.326,15.26
A788101001,17.851,13.323,6.759,7.191
U105401001,49.586,29.993,11.657,17.289
U214201001,60.471,48.405,20.541,26.252
L422071001,25.675,21.524,8.102,8.214
A843101001,22.764,15.464,7.278,7.247
J381181001,45.016,24.644,7.117,11.582
A443064001,62.814,34.997,13.02,22.481
R118001001,21.339,15.452,6.224,6.989
K640250011,13.815,12.391,6.082,5.777
O813352001,24.539,20.094,7.006,8.18
O637000201,10.967,11.042,5.309,5.562
V547000000,24.33,16.3,6.07,20.732
Y511201001,15.32,10.263,4.478,9.721
L823211001,15.92,10.705,4.443,5.338
K329304201,20.798,18.157,8.875,8.069
O710151001,18.919,17.497,7.111,11.24
U262401001,47.849,31.343,13.937,18.699
A994202002,16.755,11.856,5.811,5.864
M104161010,6.033,4.427,1.619,2.198
L014061001,34.932,24.561,8.565,10.308
V426401001,27.025,27.924,10.26,12.973
Q346401001,28.281,20.684,6.979,11.109
U023001001,28.27,18.685,7.532,9.167
Q480101001,31.779,57.949,23.864,17.29
U235401001,41.649,26.16,10.915,14.873
V232000000,69.449,44.623,17.671,28.602
P816252001,20.731,15.037,5.961,6.726
X104000301,22.278,23.599,7.854,10.283
U124404001,20.05,16.728,7.001,7.442
P196291001,39.409,28.802,8.853,12.788
R022001002,15.569,11.21,5.027,5.832
Y213001001,31.579,21.687,6.772,22.351
Q700291001,60.848,69.777,23.007,26.093
Y213001002,32.312,22.229,6.977,22.816
O050252002,37.546,51.296,22.666,16.525
O120251001,25.521,53.335,21.204,11.401
I523101001,17.407,12.767,5.138,6.083
K467000201,7.305,7.398,4.003,3.578
O937251001,11.479,9.526,4.642,5.102
V547401001,23.2,15.552,5.792,19.756
U212201001,55.104,44.181,18.409,23.959
O548291001,15.883,14.095,5.539,6.137
A133003001,23.9,17.832,7.729,8.488
L032151001,26.368,20.392,7.414,8.102
R614291001,15.728,11.042,4.854,5.855
O425251001,31.448,23.037,6.829,12.421
U047401001,42.588,23.553,8.524,14.139
U211201001,46.294,36.906,15.016,19.792
P018000101,27.345,21.843,8.385,9.414
O548293002,14.861,13.056,5.097,5.694
I223000101,13.174,10.261,4.474,4.956
O519251003,16.352,15.587,6.099,6.632
W276721100,17.343,53.833,31.559,15.204
L822211001,15.275,10.192,4.193,5.062
P320102001,33.487,23.016,7.281,9.357
W222000101,19.47,40.016,15.58,11.958
K221084201,19.483,19.172,9.058,13.004
U303401001,13.211,11.834,4.492,5.307
K259301001,21.0,18.088,7.521,8.204
X013001001,11.365,36.741,16.548,8.967
Y046403002,13.521,22.083,9.105,8.716
A631101001,49.991,25.803,9.989,17.083
X045401001,10.05,30.278,10.864,7.849
L421071001,22.173,18.326,6.84,6.992
Y046402001,12.756,21.249,8.815,8.188
P392252002,31.393,22.169,7.108,9.479
A543101001,18.277,13.096,5.803,6.446
W103000301,8.304,39.581,24.234,9.659
Y136401001,12.077,10.359,4.232,5.788
Y721000101,27.746,23.772,6.607,12.15
J820231001,17.281,12.038,4.705,5.634
K538302101,7.461,8.343,4.175,3.772
A782101001,13.843,10.313,5.15,5.589
O314101001,22.148,18.678,6.497,16.435
M522201010,7.386,5.892,2.875,3.246
O422251002,28.979,20.969,6.057,11.582
U323401001,15.016,12.484,5.368,6.306
M005061020,11.341,8.791,3.698,4.204
W011001001,13.147,48.494,26.592,12.449
P616151101,19.956,14.342,5.155,5.722
Q028003001,23.716,26.675,10.128,9.46
R512331003,13.409,8.946,4.04,5.198
Y255001002,28.82,21.508,5.621,15.521
Y066404001,13.062,13.997,4.591,7.89
L620201002,7.94,7.584,3.741,3.724
E540031001,17.234,9.77,5.085,7.091
K258301001,20.8,17.872,7.387,8.074
U133401001,15.228,13.367,5.434,5.672
P638251001,19.118,14.345,5.178,5.663
Q240291001,13.042,10.321,4.499,4.944
A909106050,16.904,11.934,5.509,6.447
I522101001,14.007,10.382,4.165,4.921
J543211001,24.775,14.885,4.573,6.471
K022001001,16.007,15.587,6.446,13.463
U104401001,38.033,21.396,8.07,13.161
U133402001,14.498,12.646,5.11,5.368
J709063002,10.131,7.916,3.599,4.146
K518302002,11.364,11.159,4.713,4.348
L441171001,10.668,10.566,4.603,4.358
L620201201,6.921,6.677,3.305,3.265
X348402001,11.822,9.518,3.914,6.62
Y044401001,12.631,21.114,8.763,8.084
M306091010,14.069,9.844,4.151,4.974
O288000101,6.123,6.006,3.12,3.345
M036151010,7.153,4.538,1.212,1.979
P159251001,26.784,19.881,6.529,8.998
J748301001,7.744,6.315,2.987,3.419
K610243201,7.57,7.833,3.726,3.555
K138301001,11.621,10.13,4.383,5.076
M711241010,16.822,10.269,4.039,5.667
O662000201,9.205,9.63,4.269,4.233
S131501000,17.589,9.419,4.061,5.762
P616151001,18.435,13.079,4.612,5.181
K287191001,20.435,18.443,9.122,9.426
Q219252001,10.9,9.097,4.052,4.593
Y346401001,13.059,8.539,3.625,9.912
U464401001,15.718,12.528,5.195,7.855
U342401001,24.035,17.213,6.749,9.696
W334000100,22.845,25.273,9.169,11.046
L852301001,4.687,4.211,2.128,2.38
E550572001,12.078,7.537,4.037,4.695
Y412202001,5.765,4.221,2.157,4.015
K125181001,12.275,10.652,4.278,4.521
I922102001,15.674,10.301,3.969,5.138
O222251001,5.994,5.844,2.942,3.894
M102000101,3.25,2.167,0.611,1.129
O479404001,10.206,8.97,3.852,4.081
Y210002001,26.445,18.335,5.469,18.847
U122402001,16.469,13.641,5.762,5.888
K479301001,4.902,5.053,2.707,2.458
A349020001,10.828,7.956,3.744,4.119
L420000301,18.426,14.675,5.33,5.579
M377181010,7.919,5.735,2.738,3.33
V244403001,45.445,34.55,12.387,18.776
E182601001,8.498,6.461,4.117,3.757
Y136402001,11.6,9.798,3.962,5.487
V220202001,43.423,28.749,11.473,18.068
Y028406001,12.508,15.294,6.708,10.02
L556000102,6.634,6.426,2.998,2.84
U233401001,21.705,15.135,6.709,7.862
X103402001,15.104,17.505,5.565,6.875
A907105050,14.9,10.374,4.751,5.664
I923301301,15.384,10.094,3.875,5.019
E171551001,6.041,4.887,2.885,2.747
K278301001,8.627,7.982,4.196,4.217
K156302001,13.02,10.503,5.097,5.866
U122401001,15.866,12.982,5.334,5.513
Y623402401,13.033,25.354,9.123,10.695
V177401001,13.986,11.732,4.258,7.841
K478000201,4.819,4.973,2.662,2.413
L814211001,10.878,7.073,2.801,3.43
K720261001,8.903,8.24,3.618,3.608
Y111201001,13.211,18.857,7.313,5.215
A348020001,10.279,7.446,3.464,3.868
A286011003,17.935,11.204,4.653,6.071
A331010001,10.014,7.554,3.669,3.608
O631000101,7.512,7.736,3.621,3.664
Y604201001,11.42,17.008,6.11,6.873
O811351001,18.138,14.052,4.457,5.459
U132402001,14.135,12.313,4.987,5.225
O153291001,12.382,13.252,5.459,4.941
L030000101,16.924,13.447,4.978,5.333
I205103001,4.867,4.423,2.286,2.398
U210201001,31.846,24.225,9.648,13.162
A116003002,13.062,10.599,4.9,4.734
X220202201,11.183,18.532,6.69,7.004
U132401001,10.452,9.43,3.881,3.945
Y412204001,5.268,3.863,1.958,3.628
V343401001,17.051,14.983,6.986,10.468
V244402001,42.284,32.473,11.579,17.634
V220201000,42.273,28.052,11.198,17.618
I111101000,5.296,3.691,1.325,1.93
V374401001,10.755,9.256,3.754,9.23
P828401001,8.923,6.649,2.983,3.414
O001004003,18.057,41.204,17.619,9.771
I205103002,4.7,4.267,2.205,2.311
V501401001,25.196,18.459,5.908,23.017
W102000200,4.693,26.075,17.889,6.583
L834301001,8.267,5.666,2.575,3.069
Y503202001,7.421,5.286,2.386,4.887
U092402001,10.724,8.206,3.19,3.772
A315020001,9.737,7.275,3.517,3.472
A420063001,37.102,20.762,7.536,13.362
O312102002,16.9,13.787,4.422,13.242
J541211001,20.166,11.969,3.646,5.238
U210202001,29.93,22.694,9.006,12.319
G017042101,3.111,1.5,0.711,1.479
Y412201001,4.874,3.58,1.804,3.339
J706061001,8.062,6.111,2.747,3.21
P248401001,7.846,7.247,3.22,3.228
P313102001,27.684,18.602,5.804,7.719
O609000101,4.664,4.525,2.335,2.542
Q215251001,7.293,6.377,2.944,3.22
S322501001,13.635,8.475,3.435,5.002
V415401001,19.934,15.961,5.303,17.788
K117321001,9.426,7.675,3.368,3.986
J795301020,7.155,5.118,2.318,2.894
O477401001,9.15,7.839,3.28,3.47
L056301001,14.492,10.683,3.807,4.195
M745301010,10.191,6.135,2.652,3.882
K633252001,7.578,6.5,3.09,3.018
E640601001,0.387,0.222,0.111,0.157
Q061251001,12.326,11.883,4.599,4.693
P634251001,15.323,11.051,3.763,4.307
V605201001,9.297,7.811,3.159,5.335
Y156401001,7.326,6.696,2.445,4.912
K565301001,5.033,4.831,2.535,2.451
Y911000203,16.37,14.465,4.072,7.351
L510181001,10.914,9.225,3.514,3.579
X220202001,9.921,17.241,6.17,6.387
O039252001,19.199,27.529,12.236,8.454
J706062001,7.88,5.947,2.668,3.121
O509252002,9.631,9.04,3.442,3.944
U221502001,24.256,17.595,8.468,10.635
Q061252001,11.27,10.863,4.156,4.255
L440000101,7.188,7.273,3.209,3.019
K337301001,4.982,5.45,2.824,2.512
M123303000,4.722,3.965,2.012,2.039
O439401001,16.011,11.55,3.351,6.435
X043401001,5.281,19.449,7.132,4.678
X001561301,7.166,23.661,9.131,5.87
V714401001,19.058,12.667,3.442,14.966
O737000201,9.997,8.894,3.811,5.017
Y345402001,9.985,6.551,2.695,7.778
R608001003,8.576,5.98,2.562,3.086
O787401001,10.801,9.998,3.586,3.983
P152000101,17.547,13.025,4.335,6.084
K555230001,5.443,4.786,2.538,2.53
A369011001,6.251,5.046,2.572,2.461
R411001001,6.318,4.745,2.265,2.708
J373301001,17.537,10.112,3.04,4.593
E642601001,0.345,0.098,0.056,0.094
Y553404001,10.483,7.99,2.748,5.661
O234401001,3.84,3.82,1.926,2.384
M304091001,10.479,7.216,3.023,3.691
O339403004,14.273,11.497,4.032,8.978
Y462401001,9.533,5.52,2.218,5.2
M313301010,9.277,6.435,2.53,3.003
K509090001,6.051,5.996,2.915,2.607
Y043401001,7.834,14.444,6.005,4.895
Y553403001,10.339,7.887,2.71,5.608
O198431001,3.39,3.489,1.879,2.014
K209081001,8.609,8.184,3.402,6.644
A216010001,19.184,12.643,4.967,5.96
V003201001,14.602,35.237,37.592,13.387
P150000101,17.463,12.95,4.306,6.053
J012151001,6.323,5.022,2.265,2.638
M024301000,5.569,4.369,2.082,2.361
R011001002,8.999,6.708,2.977,3.359
U341503001,8.854,6.912,2.603,3.558
V504881401,21.461,16.231,4.884,19.243
O566401001,5.765,5.658,2.52,2.494
O475401001,7.298,6.049,2.391,2.572
K196000101,7.934,6.848,2.888,2.917
V504503001,19.324,14.872,4.468,17.314
O687000201,3.561,3.465,1.669,1.76
O913401001,3.952,3.748,1.867,1.82
Q052252001,6.471,6.168,2.333,2.308
Q109402001,9.782,8.131,2.954,3.872
Q206000101,3.399,3.081,1.465,1.586
Q224291001,3.244,2.846,1.327,1.476
Q229291001,5.873,4.948,2.234,2.463
Q235401001,5.014,3.83,1.617,1.753
Q335401001,5.608,4.681,1.674,2.244
U012401001,9.392,5.538,2.151,2.944
U023401001,8.432,6.519,2.698,2.94
U053401001,8.903,6.057,2.346,3.061
U053402001,9.603,6.576,2.554,3.325
U072401001,7.177,5.626,2.045,2.292
U092401001,8.678,6.355,2.349,2.817
U121503001,6.408,5.228,2.148,2.126
U123502001,2.491,2.083,0.854,1.105
U131401001,4.579,4.303,1.813,1.843
U131402001,6.881,6.239,2.6,2.634
U202201001,20.953,16.614,6.447,8.836
U202202001,21.15,16.763,6.506,8.919
U242526001,14.01,9.523,4.235,5.444
U260403001,17.415,11.452,5.107,6.975
U321401001,6.354,4.951,2.095,2.556
U322501001,4.143,3.546,1.496,1.743
U462401001,7.829,6.067,2.408,3.455
V131502001,13.781,11.411,4.718,5.566
V244401001,34.854,27.376,9.584,14.983
V262401000,14.468,8.733,3.263,5.761
V281402001,14.985,9.119,3.381,6.012
V281403001,15.829,9.721,3.601,6.36
V293401001,17.258,11.12,3.425,6.664
V311401001,5.199,5.029,2.623,3.694
V312401001,6.011,5.71,2.909,4.287
V322401001,5.927,5.04,2.194,3.781
V322402001,4.67,3.932,1.63,2.884
V342431001,11.692,9.74,3.489,6.365
V372401001,8.901,7.652,3.061,7.611
V413000101,13.93,11.413,3.744,12.354
V501404001,15.507,11.88,3.742,13.969
V532401001,9.431,7.954,2.973,4.602
V713501001,8.836,5.823,1.629,6.769
W333521201,9.601,10.614,3.538,4.405
X102691501,5.995,7.823,2.331,2.629
X142000101,6.001,5.97,2.556,2.846
H702101001,5.893,3.769,1.709,1.638
H704101001,14.234,9.923,4.589,4.424
H703301001,4.388,2.879,1.259,1.23
H706101001,16.902,12.551,5.754,5.422
H716201001,14.076,12.149,7.543,7.335
H714201001,6.795,5.208,2.868,2.901
H720101001,35.495,29.697,16.841,15.902
H740101001,41.908,36.498,21.248,19.8
H623302001,6.141,4.376,2.252,2.137
H622101001,50.286,35.469,15.782,15.388
H732201001,1.284,1.284,0.725,0.624
H325041010,5.397,4.533,2.64,2.75
H630382001,1.168,0.76,0.365,0.484
H774201001,9.595,6.728,3.219,3.583
H168000303,93.544,76.315,41.357,39.079
H632102001,77.125,59.988,31.071,29.578
H631302001,5.854,5.207,2.592,2.36
H616201001,22.264,14.228,6.272,6.335
H643201001,9.01,8.218,4.704,4.362
H620101001,41.665,29.33,13.122,12.951
H312042010,8.624,5.421,2.107,2.659
H208000101,143.02,121.797,68.601,64.291
H631303002,3.332,2.817,1.242,1.153
H322011003,682.991,599.26,323.493,314.054
H751301001,1.116,1.027,0.599,0.618
H642301001,1.319,1.158,0.729,0.696
H760201001,1.608,1.308,0.85,0.938
H774202001,13.677,10.186,5.381,5.838
H641202001,5.348,4.788,2.364,2.123
H641201001,5.31,4.72,2.326,2.104
H612201001,14.887,9.205,3.94,4.189
H642000000,4.369,3.77,1.747,1.639
H438021010,30.558,26.945,15.858,17.381
H640203001,4.027,3.412,1.532,1.476
H208000104,146.894,125.805,71.498,67.114
H640204001,3.603,2.914,1.201,1.22
H552201001,1.221,0.997,0.635,0.642
H640202001,2.807,2.138,0.664,0.721
H318041010,15.653,11.424,4.834,5.552
H432021010,22.616,19.836,12.242,13.525
H640201001,2.134,1.537,0.427,0.509
H437042010,6.534,5.875,2.743,2.891
H530202001,2.956,3.073,1.472,1.18
F619000101,2.894,3.015,1.435,1.144
F608000100,126.593,88.896,40.511,41.652
H610201001,7.635,4.465,1.844,2.118
H520101003,125.268,87.311,39.399,40.656
F643000101,154.214,117.339,56.758,56.494
F625000101,5.028,4.434,1.775,1.74
F624000200,2.831,2.452,0.876,0.845
H510203001,13.634,8.067,3.383,3.674
F490000100,308.283,279.937,149.17,148.539
H423041010,4.42,3.762,1.997,2.054
H517201001,49.69,31.48,13.197,14.12
H425042010,7.009,6.104,3.408,3.515
H512234001,17.111,10.109,4.191,4.687
H509101002,68.485,48.256,20.874,21.427
F487000400,3.473,3.085,1.491,1.791
H418041010,1.748,1.584,0.973,1.098
H416021010,7.684,6.641,4.049,4.785
F464000201,2.077,1.914,1.183,1.299
F467000101,3.085,2.77,1.704,1.898
F482000000,2.577,2.236,1.128,1.393
F474000102,1.294,1.04,0.456,0.643
H160301001,2.089,2.012,0.962,0.961
H150101001,45.655,38.146,18.753,18.471
F459000101,7.627,7.062,4.724,5.558
H508305001,9.738,6.156,2.727,2.963
H130201001,4.899,3.483,1.645,1.681
F458000100,2.329,2.063,1.373,1.679
H081001002,50.072,44.739,21.737,20.807
F448060000,1.377,1.339,0.914,0.998
F232000101,1.454,1.241,0.424,0.569
F453000101,3.155,2.894,1.677,2.11
H136201001,11.35,9.07,4.428,4.384
H403021010,1.623,1.204,0.542,0.781
H123101001,27.315,22.09,10.114,9.914
H403301101,3.063,2.615,1.564,1.836
H506201001,13.756,8.983,3.735,4.055
F439000101,26.792,25.383,16.274,17.62
H080001000,47.352,41.734,19.764,19.089
H402203001,1.912,1.667,0.727,1.102
H120101001,24.351,19.357,8.676,8.611
F355040000,1.918,1.631,0.982,1.2
F357000101,5.128,4.494,2.921,3.443
H112201001,9.598,7.378,3.229,3.253
H105102001,11.148,9.098,4.021,3.956
H040002001,36.724,31.65,14.691,14.349
H352201011,2.78,2.799,2.105,2.229
H032104001,11.637,9.936,4.559,4.421
H021001001,22.677,19.67,9.069,8.897
H501102001,6.68,4.956,2.009,2.121
F422000201,16.182,15.147,9.031,9.666
H247301001,4.575,4.218,2.13,2.098
H010002001,12.777,10.732,4.753,4.701
H032103001,9.641,8.226,3.674,3.574
H332201001,1.373,1.335,0.851,0.959
H248201001,38.187,34.574,15.996,15.5
H248202001,30.211,27.14,12.217,11.706
H020302002,8.279,7.468,3.558,3.494
F416000201,6.756,6.058,3.447,3.706
H246202001,28.901,25.71,11.439,11.027
H032102001,7.482,6.286,2.732,2.652
F415000101,4.814,4.084,2.042,2.295
H222101001,62.915,50.537,21.064,21.84
F410000601,2.545,2.332,1.166,1.244
H032101001,5.998,4.873,2.079,2.052
H010001001,6.776,5.456,2.309,2.329
H233203001,11.795,10.275,4.403,4.241
H245202001,22.05,18.758,7.944,7.864
H244234001,13.339,10.88,4.512,4.53
H233202001,10.931,9.426,3.98,3.861
H241201001,7.609,6.76,2.904,2.877
H218201001,26.594,19.167,7.345,8.109
H244233001,11.475,9.256,3.793,3.834
H232202001,8.408,7.005,2.832,2.793
H217232001,6.696,5.098,1.981,2.056
H214203002,16.861,10.84,3.797,4.763
H214203001,15.689,9.784,3.344,4.327
H232201001,4.479,3.648,1.405,1.426
H205101001,16.861,12.386,4.711,5.404
H206201001,3.415,3.21,1.388,1.369
Y442404001,2.913,1.909,0.913,1.822
