Id_station;code_Hydro;nom_station;longitude;latitude;Periode;Automne;Hiver;Printemps;Été
390;A116003002;L'ILL-A-DIDENHEIM;7.306562;47.717758;2005;5.371482583175445;13.118745861038477;10.080778719565217;5.043984494686699
268;A133003001;L'ILL-A-ENSISHEIM;7.348210;47.866882;2005;10.017742712391057;23.82001328987673;17.874647238768116;8.13493576291682
224;A147003001;L'ILL-A-OBERHERGHEIM;7.398568;47.967632;2005;10.164832979158772;24.13747138774748;18.212211411956524;8.323108816782705
183;A161003001;L'ILL-A-COLMAR-[LADHOF];7.384986;48.102531;2005;18.637257915877225;45.01582898356369;34.58901027753623;14.81669112275559
469;A216010001;LA-FECHT-A-GUEMAR;7.402653;48.187145;2005;7.52186462713149;18.06477756257004;14.3880145307971;5.28102668559912
380;A286011003;LA-BRUCHE-A-HOLTZHEIM-;7.636941;48.558712;2005;7.043071341417204;16.880798483750468;12.50285436956522;5.01401797288384
407;A315020001;LA-ZINSEL-DU-NORD-A-SCHWEIGHOUSE-SUR-MODER;7.725576;48.830181;2005;3.8604300352406216;9.89347644826298;7.129891418115943;3.6736373616709415
381;A331010001;LA-MODER-A-KALTENHOUSE;7.842964;48.791401;2005;4.007525699886321;10.211701187523348;7.407430017753623;3.8310222400146574
379;A348020001;LA-ZORN-A-WALTENHEIM-SUR-ZORN;7.633682;48.749634;2005;4.408201400530504;10.418316805379156;7.600713855072463;3.743425006229388
356;A349020001;LA-ZORN-A-HOERDT-;7.780890;48.711311;2005;4.683714503599848;11.006652375046697;8.100040464492754;4.030349452180286
454;A369011001;LA-SAUER-A-BEINHEIM;8.068490;48.859936;2005;2.7228944259189087;6.574232883451625;4.978991382608696;2.6541247321363137
408;A420063001;LA-MOSELLE-A-SAINT-NABORD-[NOIRGUEUX];6.611131;48.067078;2005;15.79108377415688;33.15651965371685;23.73465037427536;8.216736175522168
232;A443064001;LA-MOSELLE-A-EPINAL;6.452981;48.165665;2005;26.29265052444108;56.511727581621216;39.30806300688406;14.141357289483327
292;A543101001;LE-MADON-A-PULLIGNY;6.131546;48.545357;2005;7.323949818112921;18.4221396839746;12.196039685507246;5.984930235251007
112;A573061001;LA-MOSELLE-A-TOUL;5.896402;48.669765;2005;43.57940473323228;99.78968345461335;69.01973279021739;28.614838626969583
287;A631101001;LA-MEURTHE-A-AZERAILLES;6.738613;48.449238;2005;19.505149161424782;44.96465034703026;28.101865445652173;11.105550949432027
128;A692101001;LA-MEURTHE-A-LANEUVEVILLE-DEVANT-NANCY;6.272227;48.642506;2005;34.36049929101933;80.03839057713859;52.463570893478256;23.059059011725907
63;A701061001;LA-MOSELLE-A-CUSTINES;6.121750;48.789669;2005;81.50435699507389;187.79837152857675;127.87088564818842;55.21705404910223
298;A782101001;LA-SEILLE-A-NOMENY;6.227788;48.888271;2005;6.02506699469496;13.83146400597684;9.599431196014493;5.140230294613412
226;A788101001;LA-SEILLE-A-METZ-[PONT-LOTHAIRE];6.188151;49.100773;2005;7.8099596866237215;17.89792793686963;12.505902023913045;6.769229553682667
230;A843101001;L'ORNE-A-ROSSELANGE;6.072001;49.256393;2005;8.361673980674498;23.294203678744864;15.429727203623187;7.370985629534628
38;A850061001;LA-MOSELLE-A-UCKANGE;6.172719;49.316715;2005;104.97134726942024;249.56627128128503;172.5689875192029;77.57561134261634
367;A907105050;LA-SARRE-A-DIEDENDORF;7.055086;48.877289;2005;6.015125628268283;14.421205957788567;10.232771019565218;4.851165270428728
316;A909106050;LA-SARRE-A-KESKASTEL;7.038975;48.969776;2005;6.849345310344828;16.41168261001121;11.719647185144929;5.617466316599487
100;A931109050;LA-SARRE-A-SARREGUEMINES-[WELFERDING];7.044142;49.122383;2005;25.77005941796135;67.77462413111692;47.30832537789855;23.2022252532063
243;A994202002;LA-NIED-A-BOUZONVILLE;6.539043;49.301285;2005;6.511663853353544;16.247511320508032;11.117003497463768;5.830011509710516
185;B115001001;LA-MEUSE-A-DOMREMY-LA-PUCELLE;5.676029;48.439999;2005;13.909857082228116;37.54532948748599;24.72555113731884;11.475956195309635
148;B213001001;LA-MEUSE-A-COMMERCY;5.602962;48.768318;2005;17.921169427813563;48.3345096839746;31.829572117753624;14.927938972150972
135;B222001001;LA-MEUSE-A-SAINT-MIHIEL;5.530634;48.870991;2005;19.48485480181887;52.98628567202093;34.77915614673913;16.26235230010993
95;B315002001;LA-MEUSE-A-STENAY;5.178851;49.494347;2005;28.62545749526336;80.41909861897646;53.671441485144925;24.761639032246244
218;B611101001;LA-SEMOY-A-HAULME;4.786288;49.862934;2005;11.282451777946193;35.17522626148674;22.645116239130434;9.488513104800294
369;E171551001;LE-VIEIL-ESCAUT-A-HORDAIN;3.310761;50.266968;2005;2.995647860174308;6.424833993649608;5.371409559782609;3.176233469036277
360;E182601001;LA-HAYNE-A-SAINT-AYBERT;3.652519;50.449825;2005;4.055299053429329;9.26687173515129;7.08713873768116;4.329442959692195
132;E183041001;L'ESCAUT-A-CONDE-SUR-L'ESCAUT;3.586249;50.440731;2005;8.827538948465326;18.406007823683225;15.63523540036232;9.430010303407842
311;E540031001;LA-CANCHE-A-BRIMEUX;1.830838;50.448238;2005;7.161919491095112;19.110549670900262;10.586587262318842;5.45787560571638
346;E550572001;L'AUTHIE-A-DOMPIERRE-SUR-AUTHIE;1.918714;50.304657;2005;4.788712248200076;12.649517810982443;8.151493627173913;4.3093092099670205
427;E640601001;L'AVRE-A-MOREUIL;2.486220;49.769356;2005;0.1775018567639257;0.4256590534180052;0.2195077858695652;0.1098146658116526
457;E642601001;LA-SELLE-A-PLACHY-BUYON;2.215692;49.816479;2005;0.1045370178097764;0.4339680504295853;0.1016646268115942;0.0577136240381092
598;F232000101;LA-VOULZIE-A-JUTIGNY;3.235083;48.487675;2005;0.5897193766578249;1.6084317366454988;1.2921913648550725;0.4812063594723341
609;F355040000;LA-VANNE-A-PAISY-COSDON;3.707083;48.243214;2005;1.3379458268283442;2.1028057329099736;1.6771483442028987;1.1510805518504947
610;F357000101;LA-VANNE-A-PONT-SUR-VANNE;3.441135;48.184380;2005;3.74240158734369;5.53616228128502;4.580236332608696;3.2916787665811653
631;F410000601;LE-LOING-A-MONTBOUY;2.821666;47.860825;2005;1.3072656422887456;2.6769197997758685;2.309941140942029;1.3137741696592158
629;F415000101;L'OUANNE-A-CHARNY;3.091289;47.885567;2005;2.432930178476696;5.08159565110198;4.006769321014493;2.269327006229388
626;F416000201;L'OUANNE-A-GY-LES-NONAINS;2.846247;47.948399;2005;3.923477209549071;7.160203604407919;6.0238464692029;3.795080827042873
618;F422000201;LE-LOING-A-CHALETTE-SUR-LOING;2.727356;48.035484;2005;10.190468508904887;17.24123196413896;15.1841699307971;9.925493689263469
605;F439000101;LE-LOING-A-EPISY;2.787250;48.336700;2005;18.709582500947327;28.80729936309301;25.885206749275365;18.04370683327226
597;F448060000;L'ECOLE-A-SAINT-SAUVEUR-SUR-ECOLE;2.542267;48.491959;2005;1.1431760041682455;1.578701027642884;1.4686346061594202;1.1055287218761451
599;F453000101;L'ESSONNE-A-GUIGNEVILLE-SUR-ESSONNE-[LA-MOTHE];2.347597;48.464363;2005;2.434110572944297;3.5959722203959656;3.1153943931159422;2.166622631366801
595;F458000100;LA-JUINE-A-BOURAY-SUR-JUINE;2.298793;48.523594;2005;1.813419594922319;2.5111285946955544;2.0894907518115944;1.6141592495419568
592;F459000101;L'ESSONNE-A-BALLANCOURT-SUR-ESSONNE;2.373666;48.537949;2005;6.111778552860932;8.393392338064999;7.371417894927536;5.610072993037743
586;F464000201;L'ORGE-A-EPINAY-SUR-ORGE-[LE-BREUIL];2.318862;48.665813;2005;1.4450504827586208;2.2522277911841617;1.9497522333333333;1.3703637123488457
587;F467000101;L'ORGE-A-MORSANG-SUR-ORGE;2.342410;48.667889;2005;2.086511833649109;3.308007346656705;2.7839429489130434;1.9550442579699523
589;F474000102;L'YERRES-A-COURTOMER-[PARADIS];2.901109;48.648235;2005;0.7423113080712391;1.4921869880463206;1.1762963423913044;0.6149457266397947
588;F482000000;L'YERRES-A-OZOUER-LE-VOULGIS-[LES-ETARDS];2.753169;48.650524;2005;1.6311222004547177;2.9691558666417635;2.5050663760869565;1.4717902209600586
583;F487000400;L'YERRES-[TOTALE]-A-CROSNE;2.450783;48.715912;2005;2.1053201235316408;4.023908375793798;3.4647670757246374;1.947574303774276
577;F490000100;LA-SEINE-A-ALFORTVILLE;2.418286;48.781555;2005;161.43476111102692;324.9814027429959;272.8398283326087;162.49704670721874
570;F608000100;LA-MARNE-A-MATOUGUES;4.242010;48.996468;2005;50.83005727434634;130.20581560104594;89.13775060797101;45.26860254012459
569;F619000101;LE-SURMELIN-A-SAINT-EUGENE;3.531462;49.025074;2005;1.3633232569154985;3.323418491221517;3.358038738405797;1.6856140425064126
575;F624000200;LE-PETIT-MORIN-A-MONTMIRAIL;3.535440;48.862740;2005;1.0125361117847669;3.17458195330594;2.617071667753623;1.0290204213997802
574;F625000101;LE-PETIT-MORIN-A-JOUARRE-[VANRY];3.151509;48.930550;2005;2.039255318302388;5.71189475793799;4.844112374637681;2.0594162334188346
573;F643000101;LA-MARNE-A-MEAUX;2.881160;48.950722;2005;67.59747815119364;161.80786719051176;120.3584348021739;64.16897944631734
412;G017042101;LA-BRESLE-A-LONGROY;1.535966;49.991650;2005;1.6033210306934444;3.1123360138214418;1.5326522014492754;0.7818284096738732
633;H010001001;LA-SEINE-A-NOD-SUR-SEINE;4.570340;47.764481;2005;2.7085408552482;6.905578858797162;5.017624830797102;2.5935135749358738
620;H010002001;LA-SEINE-A-PLAINES-SAINT-LANGE;4.480817;47.995811;2005;5.316630981811292;13.033057515502428;9.85432180326087;5.225221000732869
625;H020302002;LA-LAIGNES-AUX-RICEYS;4.361000;47.961781;2005;3.7844544566123535;8.506487156892042;6.779119988405798;3.754483679369733
616;H021001001;LA-SEINE-A-POLISY;4.381266;48.063770;2005;9.855963674118986;23.23244051064625;18.02070172318841;9.768882116892636
632;H032101001;L'OURCE-A-VOULAINES-LES-TEMPLIERS;4.758212;47.816032;2005;2.4274794520651763;6.211137387373927;4.585108286956522;2.305235979479663
628;H032102001;L'OURCE-A-BRION-SUR-OURCE;4.654202;47.899754;2005;3.0872483031451305;7.748301179305193;5.896966296014493;3.0056228757786734
621;H032103001;L'OURCE-A-AUTRICOURT;4.615057;47.998638;2005;4.079890079196665;9.969091152409414;7.732454648913044;4.012298768779773
615;H032104001;L'OURCE-A-CELLES-SUR-OURCE;4.408602;48.077892;2005;4.989420183023873;12.006330156892044;9.36955342463768;4.93739914840601
613;H040002001;LA-SEINE-A-COURTENOT;4.336363;48.137520;2005;15.942887247442211;37.683005935001866;29.30396822789855;15.80425872224258
606;H080001000;LA-SEINE-[TOTALE]-A-TROYES-[APRES-CREATION-GRAND-LAC];4.069340;48.327477;2005;21.02051606138689;48.874034279790806;38.87132616304348;21.12286838145841
596;H081001002;LA-SEINE-A-MERY-SUR-SEINE-[APRES-CREATION-GRANDS-LACS];3.889608;48.507309;2005;22.845391438044715;51.85418403922301;41.97618333043479;23.22632296482228
612;H105102001;L'AUBE-[PARTIELLE]-A-LONGCHAMP-SUR-AUJON-[OUTRE-AUBE];4.795467;48.145134;2005;4.573043813944675;11.678671225999253;8.69911378152174;4.449158486991572
611;H112201001;L'AUJON-A-RENNEPONT;4.850874;48.145447;2005;3.8458422000757855;10.091195464699291;7.164626235869565;3.627388516306339
608;H120101001;L'AUBE-A-BAR-SUR-AUBE;4.735132;48.219116;2005;10.003710723380069;25.483280765035488;18.672378785869565;9.608993463906192
602;H123101001;L'AUBE-A-BLAINCOURT-SUR-AUBE;4.457205;48.394756;2005;11.380010797650623;28.48805826709002;21.23877210289855;11.083654615976547
594;H130201001;LA-VOIRE-A-DROYES-[GERVILLIERS];4.725222;48.498375;2005;1.936389952254642;4.889509581247665;3.3400378514492752;1.7741688134847928
600;H136201001;LA-VOIRE-A-LASSICOURT;4.491983;48.449032;2005;4.868459689276241;11.463945671647368;8.64006274057971;4.741129981311835
591;H150101001;L'AUBE-A-ARCIS-SUR-AUBE;4.140193;48.537880;2005;20.63434932853353;47.26416938587972;36.77848738586957;20.415811768413334
590;H160301001;LA-SUPERBE-A-SAINT-SATURNIN;3.904854;48.614105;2005;1.089415918529746;2.396415382144191;2.1948784786231883;1.1244692315866618
540;H168000303;L'AISNE-A-TROSLY-BREUIL-[HERANT];2.952079;49.410801;2005;45.73140729859795;99.42625693500187;81.31628407826088;45.8595983876878
646;H205101001;L'YONNE-A-DORNECY;3.559789;47.429325;2005;5.922766316028799;16.991745092267465;11.62743895942029;5.247626638695492
647;H206201001;LE-BEUVRON-A-OUAGNE-[CHAMPMOREAU];3.494025;47.414436;2005;1.5001843452065178;3.728027177063877;3.01988113768116;1.4939176240381091
547;H208000101;L'OISE-A-PONT-SAINTE-MAXENCE-[SARRON];2.626503;49.310413;2005;73.89784944941266;153.3752188035114;130.9088524557971;76.31069845071455
560;H208000104;L'OISE-A-CREIL;2.460508;49.255684;2005;76.997912723759;157.62163039708628;135.2677287655797;79.54039888933674
644;H214203001;LA-CURE-A-PIERRE-PERTHUIS;3.788123;47.430920;2005;5.064284256536567;15.509814408292865;9.208726798913045;3.8553459446683767
643;H214203002;LA-CURE-A-FOISSY-LES-VEZELAY-[SEIGLAND];3.779441;47.444183;2005;5.534475667298219;16.742121479267837;10.171050234782609;4.328605867717112
642;H217232001;LE-COUSIN-A-AVALLON;3.894377;47.482529;2005;2.3641574028040924;6.937176107956668;4.671155133333333;2.180829426896299
639;H218201001;LA-CURE-A-ARCY-SUR-CURE;3.756719;47.602642;2005;9.2914832629784;26.927502435188643;17.894389454347827;8.171265897764748
630;H222101001;L'YONNE-A-GURGY;3.544091;47.879509;2005;24.283871378552483;65.13740465819949;47.669352858333326;23.10142063429828
645;H232201001;LE-SEREIN-A-BIERRE-LES-SEMUR;4.291088;47.417854;2005;1.7028948916256157;4.813814832274935;3.3246795057971013;1.5629289047270063
641;H232202001;LE-SEREIN-A-GUILLON-[COURTEROLLES];4.080030;47.527344;2005;3.249930890867753;8.9363246391483;6.347655593115943;3.085083364235984
637;H233202001;LE-SEREIN-A-DISSANGIS;3.984727;47.605675;2005;4.406728163698371;11.625220415763916;8.571503926086956;4.285718687797728
634;H233203001;LE-SEREIN-A-NOYERS;4.003924;47.692242;2005;4.821721590375142;12.53658923907359;9.35259370652174;4.721346928545255
638;H241201001;L'ARMANCON-A-QUINCY-LE-VICOMTE;4.262583;47.608727;2005;3.2468983478590374;7.926654314904745;5.991826375724638;3.1374243459142543
640;H244233001;LA-BRENNE-[TOTALE]-A-SEIGNY;4.426236;47.570518;2005;4.477890156119742;11.604567679865522;8.29841821521739;4.264419346647124
636;H244234001;LA-BRENNE-A-MONTBARD;4.323844;47.623219;2005;5.254916428192497;13.485246584983187;9.740133335144929;5.032000363869549
635;H245202001;L'ARMANCON-A-AISY-SUR-ARMANCON-[AVAL];4.232507;47.667950;2005;9.007993637741569;22.57161203959656;16.74985486630435;8.721470392817883
627;H246202001;L'ARMANCON-A-TRONCHOY;3.938922;47.913536;2005;12.475726773020083;29.93679169480762;23.26443575797101;12.402258887871016
619;H247301001;L'ARMANCE-A-CHESSY-LES-PRES;3.894883;48.008396;2005;2.3075194892004545;4.916472268210684;4.059898810144928;2.3173425243679
623;H248201001;L'ARMANCON-A-BRIENON-SUR-ARMANCON;3.612878;47.985806;2005;17.35230726752558;39.9370041124393;31.94565754601449;17.3574565921583
624;H248202001;L'ARMANCON-A-JAULGES;3.793574;47.969948;2005;13.201782916256157;31.33957886589466;24.6636092;13.219705986808355
546;H312042010;L'EPTE-A-ERAGNY-SUR-EPTE;1.769131;49.321995;2005;3.1839578325123155;9.41852938961524;5.787353695652174;2.4112251227555883
564;H318041010;L'EPTE-A-FOURGES;1.644820;49.119499;2005;6.571540175824176;17.31253833843855;12.34659535036232;5.598355736167094
549;H322011003;LA-SEINE-A-POSES-[APRES-CREATION-GRANDS-LACS];1.241275;49.308594;2005;351.71342522735887;726.9155972943594;610.6487828695653;357.8264154532796
537;H325041010;L'ANDELLE-A-VASCOEUIL;1.383401;49.444950;2005;3.1680649117089805;5.973290614493837;4.9466229673913045;3.024944759618908
622;H332201001;LA-BEZONDE-A-PANNES;2.675657;48.002884;2005;1.0398765702917772;1.5149358404930893;1.3916609876811594;0.9674847270062296
614;H352201011;LE-FUSAIN-A-COURTEMPIERRE;2.637456;48.110535;2005;2.449977942023493;3.110919320881584;2.978954949275362;2.3709311762550382
607;H402203001;L'ESSONNE-A-BOULANCOURT;2.427537;48.257725;2005;1.2621756070481245;2.1696885020545387;1.7360631942028988;1.0042967405643093
601;H403021010;L'EURE-A-SAINT-LUPERCE;1.291193;48.449158;2005;0.928932514209928;1.766522014568547;1.2958836833333334;0.7431344675705387
603;H403301101;L'EURE-A-VER-LES-CHARTRES-[LOCHE];1.476862;48.386513;2005;2.118854719211823;3.3718474109077325;2.79904981557971;1.9097591923781605
585;H416021010;L'EURE-A-CHARPONT;1.442184;48.700851;2005;5.54444432967033;8.48346547665297;6.9990023141304345;4.9307782381824845
584;H418041010;LA-BLAISE-A-GARNAY;1.344972;48.703709;2005;1.2724393956043956;1.9531756955547253;1.7010001231884058;1.1962546628801758
578;H423041010;L'AVRE-A-ACON;1.104789;48.761913;2005;2.300682645320197;4.868261617482256;3.785996181521739;2.170632348845731
580;H425042010;L'AVRE-A-MUZY;1.328201;48.760593;2005;3.954479412656309;7.8021736103847585;6.246884930434783;3.764956844998168
565;H432021010;L'EURE-A-CAILLY-SUR-EURE;1.208807;49.114384;2005;15.465481976885185;25.152159608517;20.884940567391304;14.316797490289485
567;H437042010;L'ITON-A-NORMANVILLE;1.150897;49.080570;2005;3.448953403183024;7.844688346656706;6.278074221014493;3.246597358006596
558;H438021010;L'EURE-A-LOUVIERS;1.176918;49.224075;2005;20.01799431148162;34.56180837317893;28.484805553985503;18.557937761084645
617;H501102001;LA-MARNE-A-MARNAY-SUR-MARNE;5.248548;48.012035;2005;2.5921819833270177;7.108903101606276;4.806071259782608;2.238860388420667
604;H506201001;LE-ROGNON-A-DOULAINCOURT-SAUCOURT;5.165229;48.343834;2005;5.137365546419098;14.253259862906235;9.066845598550724;4.277535030414072
593;H508305001;LA-BLAISE-A-LOUVEMONT-[PONT-VARIN];4.930449;48.515961;2005;3.5971395009473284;9.68753660029884;6.015301376811594;3.0409830190545986
582;H509101002;LA-MARNE-A-FRIGNICOURT-[APRES-CREATION-GRAND-LAC];4.587460;48.700901;2005;26.280361685486927;70.58561199103474;47.84618976485507;23.413477022718943
576;H510203001;LA-SAULX-A-MOGNEVILLE;4.999612;48.784962;2005;4.720305792345585;13.608993863653344;8.090336305072464;3.800084665445218
581;H512234001;L'ORNAIN-A-TRONVILLE-EN-BARROIS;5.282432;48.721622;2005;6.100355563849943;17.209707053418004;10.224021601086957;4.637044278490289
579;H517201001;LA-SAULX-A-VITRY-EN-PERTHOIS;4.626325;48.746151;2005;18.06834615953012;50.6426625722824;31.786652185507247;14.8324462532063
572;H520101003;LA-MARNE-A-CHALONS-SUR-MARNE-[DEPUIS-02/89];4.353723;48.950951;2005;49.78470195452823;128.7827892248786;87.4975882615942;44.06130810516673
568;H530202001;LE-SURMELIN-A-MEZY-MOULINS;3.516277;49.059982;2005;1.4039556161424782;3.393338549495704;3.420972125;1.7283149098570905
562;H552201001;L'OURCQ-A-CHOUY;3.249307;49.194279;2005;0.8309280140204622;1.4089772973477774;1.1861798797101448;0.832611709417369
571;H610201001;L'AIRE-A-BEAUSITE-[AMBLAINCOURT];5.208425;48.964104;2005;2.7926588143236075;7.941838889054912;4.486411643115942;2.107906701355808
556;H612201001;L'AIRE-A-VARENNES-EN-ARGONNE;5.034016;49.227291;2005;5.461918395983327;15.591063078819577;9.30635748115942;4.350613387321364
543;H616201001;L'AIRE-A-CHEVIERES;4.903247;49.334068;2005;8.050433960212201;23.195134793051924;14.660393284057973;6.781948980578966
545;H620101001;L'AISNE-A-MOURON;4.782842;49.308086;2005;16.105199095869647;43.846212699290255;30.48172991268116;14.402819254672044
535;H622101001;L'AISNE-A-GIVRY;4.538602;49.491463;2005;19.138919256536568;52.8867918121031;37.23554543043478;17.383522378526933
534;H623302001;LA-VAUX-A-ECLY;4.295297;49.538692;2005;2.5880024478969306;6.600343660440792;4.868564329710145;2.542922444118725
538;H630382001;LA-RETOURNE-A-HOUDILCOURT;4.122921;49.423801;2005;0.5620030253884047;1.1790850791931269;0.79826864057971;0.4193157669475998
542;H631302001;LA-SUIPPE-A-ORAINVILLE;4.023254;49.383820;2005;2.844607838575218;6.336750106836011;5.656027261231884;2.970213681934774
548;H631303002;LA-SUIPPE-A-SELLES;4.287822;49.306541;2005;1.453484487684729;3.5963547362719464;3.07814450942029;1.454446971418102
541;H632102001;L'AISNE-A-PONTAVERT;3.820630;49.403873;2005;35.12544277908299;81.57124020657453;63.68439794891304;34.29259202491755
566;H640201001;LA-VESLE-A-BOUY;4.350907;49.089073;2005;0.6152607385373247;2.2534731053418;1.622978461594203;0.4636595265665078
563;H640202001;LA-VESLE-A-SEPT-SAULX;4.245136;49.156281;2005;0.8798324172034863;2.986284483003362;2.2972648949275363;0.7447014111396115
559;H640203001;LA-VESLE-A-PUISIEULX;4.122645;49.206299;2005;1.755207667298219;4.337173727680239;3.693909976086956;1.7213103176987907
561;H640204001;LA-VESLE-A-BEAUMONT-SUR-VESLE;4.187532;49.177902;2005;1.4462721477832512;3.848520991408293;3.129206362318841;1.334368979479663
555;H641201001;LA-VESLE-A-SAINT-BRICE-COURCELLES;3.979758;49.265049;2005;2.513082099658962;5.769359118416138;5.150599536956522;2.644689402345181
554;H641202001;LA-VESLE-A-CHALONS-SUR-VESLE;3.922077;49.278313;2005;2.5426001599090564;5.820288902876355;5.228929225;2.696762930377428
557;H642000000;LA-VESLE-A-REIMS;4.034211;49.241364;2005;1.9599046752557787;4.728320772506537;4.105074666666666;1.9775874576768049
551;H642301001;L'ARDRES-A-FISMES;3.672862;49.306950;2005;0.81824524933687;1.456101855808741;1.2775329644927536;0.8525869538292414
544;H643201001;LA-VESLE-A-BRAINE;3.527082;49.337093;2005;5.058276318681319;9.818929740381025;8.962103980797101;5.337624989373397
526;H702101001;L'OISE-A-HIRSON;4.078208;49.924160;2005;1.9733168207654412;6.389454289876728;4.146675310869565;1.8954351022352511
528;H703301001;LE-THON-A-ORIGNY-EN-THIERACHE;4.014789;49.895809;2005;1.5057741587722622;4.814157761673515;3.19375045942029;1.405136455478197
527;H704101001;L'OISE-A-MONCEAU-SUR-OISE;3.699719;49.898685;2005;5.191376339143615;15.557119543145312;10.924212874275362;5.100754351410773
529;H706101001;L'OISE-A-ORIGNY-SAINTE-BENOITE;3.481800;49.839592;2005;6.32106519287609;18.476049861412022;13.860950231884058;6.457089148772444
531;H714201001;LA-SERRE-A-MORTIERS;3.666936;49.684639;2005;3.3776960098522166;7.445957007097497;5.803993821376811;3.298462653719311
530;H716201001;LA-SERRE-A-PONT-A-BUCY;3.483905;49.692261;2005;8.176143472906404;15.159004406051553;13.218530692391305;8.370634814584097
532;H720101001;L'OISE-A-CONDREN;3.283852;49.627384;2005;17.870385424403185;38.46017321329847;32.40411406413043;18.67528230963723
536;H732201001;L'AILETTE-A-CHAILLEVOIS;3.523964;49.500042;2005;0.7277065585449034;1.421144966006724;1.411814063768116;0.8516123939171859
533;H740101001;L'OISE-A-SEMPIGNY;2.993742;49.560146;2005;22.203998824175823;45.497017450504295;39.82389936195652;23.64687028325394
550;H751301001;L'AUTOMNE-A-SAINTINES;2.774263;49.306824;2005;0.8163237415687761;1.32785534889802;1.2444244884057971;0.8374968167827043
552;H760201001;LA-BRECHE-A-NOGENT-SUR-OISE;2.461385;49.287529;2005;1.1004648995831754;1.7537007396339188;1.451643657246377;0.987313322096006
539;H774201001;LE-THERAIN-A-BEAUVAIS;2.083987;49.426121;2005;4.1138038029556645;10.396536173701906;7.278112698913043;3.6536304668376696
553;H774202001;LE-THERAIN-A-MAYSEL;2.378066;49.262020;2005;6.716417393709738;14.938029330220395;11.125022138405797;6.151921263100037
397;I111101000;LA-TOUQUES-A-LISIEUX;0.221801;49.143040;2005;2.2475297870405457;6.011115964138962;3.586256684782609;1.6047607914987176
388;I205103001;LA-DIVES-A-BIEVILLE-QUETIEVILLE;-0.054543;49.117092;2005;2.7882625941644563;5.830850424729174;4.491001685144927;2.69196424184683
401;I205103002;LA-DIVES-AU-MESNIL-MAUGER;-0.044192;49.069019;2005;2.6804225733232285;5.623690155771386;4.324521185144928;2.587713429827776
220;I221101001;LA-DIVES-A-SAINT-PIERRE-DU-JONQUET-[LE-HAM--HERNETOT];-0.103466;49.167892;2005;6.028145399014778;13.235953426596936;9.982511275;5.829806264199341
206;I221103001;LA-DIVES-A-VARAVILLE;-0.108653;49.254921;2005;6.243940256536567;13.715779104968249;10.361212280434785;6.057699584096739
276;I223000101;L'ORNE-A-RABODANGES;-0.249663;48.765148;2005;5.314363256157636;14.722767411654836;9.884874750724638;4.790781661048003
157;I352102001;L'ORNE-A-THURY-HARCOURT;-0.482778;48.989498;2005;12.630819562334215;36.51361340007471;23.950006347826086;11.38382037669476
317;I522101001;LA-VIRE-A-SAINT-LO-[MOULIN-DES-RONDELLES];-1.091729;49.085274;2005;5.92201697309587;17.420418822936124;10.574264928985508;4.848550222425797
262;I523101001;LA-VIRE-A-MONTMARTIN-EN-GRAIGNES;-1.130631;49.259453;2005;7.319955661614249;21.608676238326485;12.949349764130435;5.962027637596189
349;I922102001;LA-SELUNE-A-SAINT-AUBIN-DE-TERREGATTE-[SIGNY];-1.292804;48.596226;2005;5.530763235695339;17.232517452372058;10.225517414492751;4.420803498717479
368;I923301301;LA-SELUNE-A-DUCEY-[VEZINS];-1.231612;48.589043;2005;5.40180769420235;16.900615087411282;10.020404969565218;4.3149766482227925
472;J012151001;LE-COUESNON-A-ROMAZY;-1.503786;48.365471;2005;2.753511905646078;6.927994904370564;4.827737088768116;2.4118414954195675
456;J373301001;L'HYERES-A-SAINT-HERNIN-[LA-GARE];-3.655187;48.223797;2005;4.824281085259568;18.8889419921554;9.40385213768116;3.272830267497252
231;J381181001;L'AULNE-A-CHATEAUNEUF-DU-FAOU-[PONT-POL];-3.861513;48.165081;2005;12.351569043577111;48.547772911094505;23.13081803478261;7.823194327958959
410;J541211001;LE-BLAVET-A-MUR-DE-BRETAGNE-[GUERLEDAN];-3.017810;48.194832;2005;5.485015026525199;21.40019881658573;10.890329123188405;3.893473417002565
318;J543211001;LE-BLAVET-A-NEULLIAC-[LE-PORZO];-3.004687;48.143276;2005;6.774900475179992;26.35625274822563;13.503530539130436;4.855985449615243
414;J706061001;LA-VILAINE-A-SERVON-SUR-VILAINE;-1.465812;48.116997;2005;3.285300541114058;8.57859250242809;5.836454957608695;2.892623037742763
437;J706062001;LA-VILAINE-A-CHATEAUBOURG;-1.403798;48.108040;2005;3.1905832031072374;8.373467716100112;5.675171899275362;2.807695607914987
322;J709063002;LA-VILAINE-A-CESSON-SEVIGNE-[PONT-BRIANT];-1.563749;48.123707;2005;4.28234650928382;10.92883167799776;7.586750205434782;3.79787348845731
332;J748301001;LA-SEICHE-A-BRUZ-[CARCE];-1.722288;48.019485;2005;3.509778534293293;8.188430624953305;6.028192368840579;3.1608885507511912
116;J750061001;LA-VILAINE-A-GUICHEN-[LE-BOEL];-1.755066;47.992901;2005;14.87310011557408;34.92100879678745;25.68539585217391;13.335858351777206
422;J795301020;LE-DON-A-GUEMENE-PENFAO-[JUZET];-1.789096;47.622978;2005;2.7852218272072755;7.228881217781098;4.713416051449276;2.3576970542323195
296;J820231001;L'OUST-A-PLEUGRIFFET-[LA-TERTRAIE];-2.640545;47.983585;2005;5.683710361121637;18.2543097217034;10.887263388043475;4.740822432759252
139;J850231002;L'OUST-A-SAINT-GRAVE-[ECHUSE-LE-GUELIN];-2.256962;47.739105;2005;13.881022740810913;43.0062210526709;26.376995968478266;11.66953330230854
319;K022001001;LA-LOIRE-A-BRIVES-CHARENSAC;3.928910;45.041199;2005;13.078879195528607;16.102156612999625;15.792061061231884;6.865188471967754
119;K055001010;LA-LOIRE-A-BAS-EN-BASSET;4.117993;45.295231;2005;32.06142920462297;48.58552303137841;46.37223811086957;24.544054348479296
81;K069001001;LA-LOIRE-A-MONTROND-LES-BAINS;4.225359;45.643330;2005;41.90159864910951;65.47693467463579;61.93089995108696;34.19239422205936
66;K079001010;LA-LOIRE-A-BALBIGNY;4.182092;45.816048;2005;50.179072026146265;81.78744958348898;77.00675635615941;42.77729863576402
421;K117321001;L'ARCONCE-A-MONTCEAUX-L'ETOILE;4.049810;46.357975;2005;3.63168128685108;8.214766204333209;6.503542596376811;3.585782020520337
46;K118001010;LA-LOIRE-A-DIGOIN;3.983036;46.478168;2005;70.07921112959454;123.6235703623459;112.59778063550723;64.00099776877977
348;K125181001;L'ARROUX-A-DRACY-SAINT-LOUP-[SURMOULIN];4.320197;47.000771;2005;4.972324115574081;13.119184748225624;9.520755027536232;4.689061518138512
176;K132181010;L'ARROUX-A-ETANG-SUR-ARROUX-[PONT-DU-TACOT];4.192479;46.851460;2005;13.427894205380824;39.63001702652223;25.870476640942027;11.63628777903994
149;K134181001;L'ARROUX-A-RIGNY-SUR-ARROUX;4.034500;46.534573;2005;16.046338581659718;46.18188581583863;31.208597557246375;14.366698140344448
334;K138301001;LA-BOURBINCE-A-VITRY-EN-CHAROLLAIS;4.078511;46.471760;2005;4.920901165593027;10.976172325737767;8.802761822463768;4.728586951630634
120;K139181001;L'ARROUX-A-DIGOIN;3.989245;46.494965;2005;21.18488461348996;57.6097269174449;40.52238702681159;19.39000982850861
28;K144001010;LA-LOIRE-A-GILLY-SUR-LOIRE;3.766203;46.538029;2005;92.7990644789693;184.50603424691815;156.61369131956522;85.64562965005496
371;K156302001;LA-BESBRE-A-SAINT-POURCAIN-SUR-BESBRE;3.654197;46.476807;2005;5.2732613732474425;10.976127293612253;9.12726021847826;5.556048891168927
22;K170001010;LA-LOIRE-A-DECIZE;3.456656;46.823261;2005;101.744953629784;204.32386105752707;175.80448871992755;97.49093978966656
204;K177301001;L'ARON-A-VERNEUIL;3.575832;46.851902;2005;9.29056221144373;25.612172598057526;18.4428989365942;8.798261692194943
19;K193001010;LA-LOIRE-A-NEVERS;3.165332;46.982811;2005;116.84642629632437;243.34770173813973;207.06728263550727;113.65584695712715
479;K196000101;LA-NIEVRE-A-URZY;3.203838;47.062592;2005;3.173363377415688;8.357864823309674;6.347812990579711;3.155979954195676
468;K209081001;L'ALLIER-A-SAINT-HAON-[NOUVEAU-MONDE];3.743387;44.838886;2005;6.702460604016673;9.146054568173328;8.190232915217392;3.722053297544888
282;K221084201;L'ALLIER-A-MONISTROL-D'ALLIER;3.646930;44.967262;2005;12.822511381583936;21.506566018304078;18.956530801811592;9.625345202638329
179;K230081001;L'ALLIER-A-LANGEAC;3.490293;45.116776;2005;15.434211348995833;26.40503037317893;23.344172857608697;12.45758143019421
150;K233081001;L'ALLIER-A-VIEILLE-BRIOUDE;3.408877;45.260990;2005;17.461016321333837;30.31808803287262;26.66417377210145;14.740293179552951
123;K243081001;L'ALLIER-A-AGNAT-[PONT-D'AUZON];3.356327;45.385639;2005;20.716606294050777;35.981142402316024;31.95872528478261;18.428745270428728
312;K258301001;L'ALAGNON-A-LEOTOING-[LANAU];3.219237;45.355835;2005;9.31636470784388;21.75353018602914;17.961595030797103;7.936293338219128
284;K259301001;L'ALAGNON-A-LEMPDES;3.265552;45.383595;2005;9.439296215990906;21.970318781098246;18.16465556557971;8.076336209967021
72;K268081001;L'ALLIER-A-VIC-LE-COMTE;3.201914;45.660950;2005;43.48634243615006;88.13509798505791;73.92845902789855;38.662171749725175
74;K268082001;L'ALLIER-A-COUDES;3.210562;45.615017;2005;43.32388673929518;87.88420548375046;73.66564915905798;38.45564930853793
370;K278301001;LA-MORGE-A-MARINGUES-[COTE-ROUGE];3.313360;45.908718;2005;4.313154980295566;9.01934776391483;7.165079226086957;4.623358299010627
61;K279081001;L'ALLIER-A-LIMONS;3.447805;45.969471;2005;52.19457212050019;105.7833070354875;88.96736595507247;49.09736326090143
339;K287191001;LA-DORE-A-SAINT-GERVAIS-SOUS-MEYMONT-[MAISON-DU-PARC-/-GIROUX-DORE];3.610453;45.689342;2005;8.935851697612733;18.669059105715352;17.487088448550725;10.031792211799193
225;K295000101;LA-DORE-A-PESCHADOIRES-[PONT-DE-DORE];3.501647;45.838894;2005;14.154047229632436;29.590128095255885;26.556629030072468;15.866190851593991
200;K298191001;LA-DORE-A-DORAT;3.477694;45.891178;2005;14.425252848806366;30.030718631303696;27.00054206050725;16.204912946866987
50;K303081001;L'ALLIER-A-SAINT-YORRE;3.459129;46.062206;2005;68.80803015611974;139.41638701008594;119.30673261123188;67.76308359655552
49;K313000200;L'ALLIER-A-BILLY;3.422216;46.234787;2005;71.9518276839712;146.02339209152035;125.3650653289855;71.90145139831439
222;K329202001;LA-SIOULE-A-SAINT-PRIEST-DES-CHAMPS-[FADES-BESSERVE];2.796074;45.973541;2005;9.612656925350512;22.78421228688831;18.339122475;10.969760676438256
240;K329304201;LA-SIOULE-A-MIREMONT-[PONT-DU-BOUCHET];2.769905;45.927765;2005;8.8665545066313;21.094257112439298;16.917499585507247;10.07111180835471
208;K330201001;LA-SIOULE-A-CHATEAUNEUF-LES-BAINS;2.901437;46.029648;2005;10.127197529746116;23.96359593500187;19.306646626086955;11.598680169659216
191;K332201001;LA-SIOULE-A-EBREUIL;3.094394;46.116306;2005;11.323357666540357;26.567332960776987;21.522245124275365;13.02403631293514
442;K337301001;LA-BOUBLE-A-CHAREIL-CINTRAT;3.226816;46.263187;2005;2.417810056081849;4.827534183787822;4.448124623188406;2.862582991938439
141;K338201001;LA-SIOULE-A-SAINT-POURCAIN-SUR-SIOULE;3.296513;46.309258;2005;14.837798334217508;33.3700404213672;27.95731717210145;17.27317087064859
32;K340081001;L'ALLIER-A-CHATEL-DE-NEUVRE;3.316919;46.402195;2005;89.03039401212581;183.5310087090026;157.94728727971017;92.53380665958228
29;K345081001;L'ALLIER-A-MOULINS;3.325951;46.561119;2005;90.51501419211822;186.13360350466945;160.84461606376811;94.51947056394285
24;K357081010;L'ALLIER-A-LIVRY-[PONT-DU-VEURDRE];3.048922;46.758465;2005;92.9768050602501;191.32323638924169;166.495216792029;98.1494986229388
23;K365081001;L'ALLIER-A-CUFFY;3.069838;46.946579;2005;94.87201774460024;195.64784719350016;171.23531127065218;101.11319349212164
9;K400001010;LA-LOIRE-A-COURS-LES-BARRES-[GIVRY];3.072113;47.015995;2005;216.1264049010989;450.29869181023537;387.45844312282605;219.57721037376328
8;K415001010;LA-LOIRE-A-CHATILLON-SUR-LOIRE;2.767478;47.591614;2005;226.3610988628268;477.6322162375793;411.6839317967392;233.34878407914988
7;K447001001;LA-LOIRE-A-BLOIS;1.335148;47.584957;2005;230.58460253467223;493.66778269592834;431.9623056518116;246.70277869659216
263;K467000201;LE-BEUVRON-A-TOUR-EN-SOLOGNE;1.499856;47.539513;2005;3.9610697017809775;8.063380610011206;7.398406309057971;4.355795804690363
375;K478000201;LE-COSSON-A-VINEUIL;1.366282;47.579849;2005;2.7648267226222054;5.506012666417631;5.126050776811594;3.019830613411506
355;K479301001;LE-COSSON-A-CHAILLES;1.309387;47.543686;2005;2.8187438431223946;5.6010731707134855;5.210477918115942;3.074143179186515
6;K480001001;LA-LOIRE-A-ONZAIN-[PONT-DE-CHAUMONT];1.190335;47.485577;2005;238.8644515009473;510.2337573418005;447.0962208344203;255.61846503664347
464;K509090001;LE-CHER-A-CHAMBONCHARD;2.548947;46.176807;2005;2.6246508783630165;6.005459292118043;5.1322113344202895;3.116067086478564
323;K518302002;LA-TARDES-A-EVAUX-LES-BAINS;2.445516;46.184055;2005;4.523442298976885;11.538452833769146;9.924261394927536;5.224840350677904
193;K520090201;LE-CHER-A-TEILLET-ARGENTY;2.535101;46.241516;2005;8.064083028040924;19.653738341800523;16.90997218405797;9.419017037009894
188;K522090001;LE-CHER-A-LAVAULT-SAINTE-ANNE;2.602513;46.312336;2005;8.495959866616143;20.490883991408293;17.713030678623188;9.91710802381825
297;K538302101;L'AUMANCE-A-HERISSON-[PONT-DE-LA-ROCHE];2.674327;46.529091;2005;3.511222228116712;7.075910883451625;6.723673380072464;4.108117611212898
107;K540092001;LE-CHER-A-SAINT-AMAND-MONTROND;2.490608;46.725914;2005;15.48414181280788;34.41017685431453;31.13624726702899;18.09602474312935
453;K555230001;L'YEVRE-A-SAVIGNY-EN-SEPTAINE;2.563278;47.050098;2005;2.5530483323228497;5.285031952185282;4.395473096014493;2.6710613470135582
432;K565301001;L'AURON-A-BOURGES-[L'ORMEDIOT];2.448059;47.036964;2005;2.484364323228496;5.008472718714979;4.420095090217392;2.6769234063759617
164;K571231001;L'YEVRE-A-FOECY;2.169076;47.187202;2005;10.184566531640773;20.85055272581248;18.06096318369565;10.798977640527664
333;K610243201;L'ARNON-A-SAINT-BAUDEL-[LES-GOURS];2.167549;46.848846;2005;3.4711070583554378;7.571823048935376;6.78315230615942;3.9210391663613047
158;K619242001;L'ARNON-A-MEREAU-[ALNAY];2.032453;47.180515;2005;9.299275121636985;19.333586877101236;17.12620276521739;10.031676950531333
426;K633252001;LA-GRANDE-SAULDRE-A-BRINON-SUR-SAULDRE-;2.258763;47.564098;2005;3.2254691208791213;8.187194375420246;6.220899623188405;3.3388316687431296
234;K640250011;LA-SAULDRE-A-SALBRIS;2.033180;47.423405;2005;6.208337891625616;14.931632388494585;11.96611724384058;6.5860277248076216
151;K649251001;LA-SAULDRE-A-SELLES-SUR-CHER;1.534966;47.286491;2005;10.255635758999622;23.263347164736647;19.639434728985503;11.171065253572737
36;K650091001;LE-CHER-A-CHATILLON-SUR-CHER;1.488143;47.270248;2005;50.41785572716938;108.25073623384384;96.18938467608696;56.4752398050568
27;K671091001;LE-CHER-A-TOURS-[PONT-SAINT-SAUVEUR];0.678009;47.373104;2005;58.09060993065555;124.03524530407172;110.808715467029;65.05447108281422
26;K672000201;LE-CHER-A-SAVONNIERES;0.545781;47.348759;2005;58.27585225161045;124.3939572375794;111.17510912644929;65.27921280102602
4;K683002001;LA-LOIRE-A-LANGEAIS;0.405306;47.319859;2005;303.375088;647.9670497743742;572.4518079481884;329.76428546390616
3;K683002101;LA-LOIRE-A-LA-CHAPELLE-SUR-LOIRE;0.224111;47.247040;2005;303.1020265774915;647.8671534426596;574.5520509945652;331.401218106266
377;K720261001;L'INDRE-A-ARDENTES;1.830585;46.741917;2005;3.600919955665024;8.878071257751214;7.36487050615942;3.9152049047270063
186;K731261001;L'INDRE-A-SAINT-CYRAN-DU-JAMBOT;1.127078;47.016872;2005;7.875971507010231;17.71458467799776;14.920110114492754;8.195845659582265
115;K754000501;L'INDRE-A-BREHEMONT;0.352330;47.281715;2005;13.431818113679425;29.65218422898767;25.019558492753625;13.825703563576402
245;L014061001;LA-VIENNE-A-SAINT-PRIEST-TAURION;1.402903;45.884956;2005;11.548022062144751;34.711099441539034;23.69094965108696;10.189994962257238
387;L030000101;LE-TAURION-A-CHATELUS-LE-MARCHEIX;1.608256;45.994156;2005;5.878200615005683;17.188952033993274;12.827024505434784;5.824413768779773
269;L032151001;LE-TAURION-A-SAINT-PRIEST-TAURION-[LE-CHAUVAN];1.409804;45.904598;2005;8.968007327775673;26.80245062159133;19.442416128623183;8.683038794063759
147;L040061001;LA-VIENNE-AU-PALAIS-SUR-VIENNE;1.326285;45.860226;2005;21.47205897195908;64.34209239521853;45.19110651086957;19.83852644118725
424;L056301001;LA-BRIANCE-A-CONDAT-SUR-VIENNE-[CHAMBON-VEYRINAS];1.240120;45.756767;2005;4.649623765441455;14.61174043332088;10.035651135144928;4.26456606302675
111;L070061001;LA-VIENNE-A-VERNEUIL-SUR-VIENNE-[PONT-DE-LA-GABIE];1.098527;45.841560;2005;29.884500015157258;90.15372227007845;62.87720530724638;27.620926031879808
85;L094061001;LA-VIENNE-A-CONFOLENS;0.670063;46.013298;2005;36.75720768624479;110.74794622263728;77.606413442029;34.43858252620007
78;L120000301;LA-VIENNE-A-LUPSAULT-[JOUSSEAU];0.672388;46.169765;2005;38.91263633914362;116.6258724142697;82.14572873768115;36.67297673946501
171;L232440000;LE-CLAIN-A-ITEUIL;0.306456;46.470081;2005;8.796781784388026;22.80558327157265;16.074510814130434;7.902651546720411
160;L234161001;LE-CLAIN-A-POITIERS-[PONT-SAINT-CYPRIEN];0.345826;46.575459;2005;10.778103080712391;27.68347368098618;19.610756469565217;9.71004518908025
125;L250161001;LE-CLAIN-A-DISSAY;0.422729;46.702576;2005;13.98190674801061;35.24129948673889;25.198489618840583;12.667498314767313
41;L320062001;LA-VIENNE-A-INGRANDES;0.563578;46.877071;2005;59.9076287635468;168.0445232241315;121.71349605036232;56.97392537852693
357;L420000301;LA-CREUSE-A-AHUN;2.026180;46.123398;2005;6.310526778325123;18.81754747366455;13.938921053260868;6.18348901355808
289;L421071001;LA-CREUSE-A-GLENIC;1.918907;46.223858;2005;7.786740511178476;22.65892155472544;17.29942171775362;7.880233743862221
229;L422071001;LA-CREUSE-A-FRESSELINES;1.679069;46.378426;2005;9.067803105721865;26.269677075084047;20.265600591304345;9.296877668376696
441;L440000101;LA-PETITE-CREUSE-A-GENOUILLAC;1.994956;46.357235;2005;3.001879485032209;7.096175913335824;6.292212497101449;3.4556614210333456
324;L441171001;LA-PETITE-CREUSE-A-FRESSELINES-[PUY-RAGEAUD];1.688999;46.385937;2005;4.361293667298218;10.57306648860665;9.288020619202898;4.968402658849395
144;L453000201;LA-CREUSE-A-EGUZON-CHANTOME;1.612920;46.454411;2005;15.312596866237213;41.82334299103474;33.684034662318844;16.353822864785638
114;L471071001;LA-CREUSE-A-CIRON-[SCOURY];1.289224;46.632484;2005;19.30305983402804;50.94322720918939;41.58711094492754;20.62233586258703
434;L510181001;LA-GARTEMPE-A-FOLLES-[BESSINES];1.433170;46.113754;2005;3.823207504357711;11.168500515128876;8.693809138405797;4.070820606082815
211;L530181001;LA-GARTEMPE-A-SAINT-BONNET-DE-BELLAC;0.948681;46.184006;2005;9.245585637741568;27.29323527867016;20.2684810615942;9.480404652620008
168;L541181001;LA-GARTEMPE-A-MONTMORILLON;0.869247;46.423275;2005;11.67478744789693;33.44645935338065;25.35080961231884;12.033135175155737
364;L556000102;L'ANGLIN-A-MAUVIERES;1.093464;46.568687;2005;2.991275731337628;6.939292601793052;5.949033992753623;3.196286634298278
192;L574191001;L'ANGLIN-A-MERIGNY;0.924295;46.630508;2005;6.889356749526336;16.411460520732163;13.659111691666666;7.201417359838769
54;L602071001;LA-CREUSE-A-LEUGNY;0.703836;46.909534;2005;42.210583721864346;110.27174246283154;89.2757854460145;44.65913008611213
310;L620201002;LA-CLAISE-AU-GRAND-PRESSIGNY;0.812084;46.908283;2005;3.965083210685866;8.497646209936496;7.204594378623189;4.0328363400513005
325;L620201201;LA-CLAISE-A-CHAUMUSSAY;0.862110;46.871864;2005;3.479804754831376;7.434169010085917;6.336276702898551;3.562848899596922
17;L700061001;LA-VIENNE-A-NOUATRE;0.544852;47.050102;2005;108.53151402235694;292.02439785394097;222.99794508985508;108.32639151850492
2;L800001020;LA-LOIRE-A-SAUMUR;-0.075429;47.262417;2005;427.6863612660098;975.5122221684722;831.3008348159419;458.48541174166365
376;L814211001;LE-THOUET-A-SAINT-GENEROUX;-0.139912;46.883602;2005;3.633588647214854;11.200082632050805;6.510632566666666;2.9605346793697325
279;L822211001;LE-THOUET-A-MISSE;-0.191249;46.952492;2005;5.297156358469117;15.62554134889802;9.42738943115942;4.408104144741664
239;L823211001;LE-THOUET-A-SAINTE-RADEGONDE-[VRINES];-0.246205;46.997211;2005;5.5576358624478965;16.24779056705267;9.895902960144928;4.657383477464273
404;L834301001;L'ARGENTON-A-MASSAIS;-0.356462;46.997662;2005;3.0412368548692688;8.33050253231229;5.294524376811594;2.6216648204470503
345;L852301001;LE-CANAL-DE-LA-DIVE-A-POUANCAY;-0.089622;47.097294;2005;2.328236667298219;4.587521224505043;3.845968334782609;2.1973281898131183
203;L922000101;L'AUTHION-AUX-PONTS-DE-CE-[PONT-BOURGUIGNON];-0.528519;47.430634;2005;4.620420444107617;9.474588318266717;8.121209319565217;4.596659877244412
303;M005061020;LA-SARTHE-A-SAINT-CENERI-LE-GEREI-[MOULIN-DU-DESERT];-0.023533;48.385887;2005;4.376448256157635;11.96011581359731;8.29789156231884;3.866726881641627
473;M024301000;L'ORNE-SAOSNOISE-A-MONTBIZOT-[MOULIN-NEUF-CIDRERIE];0.198518;48.151695;2005;2.352334325502084;5.555143419125887;4.076218494565217;2.135536235251008
130;M025061020;LA-SARTHE-A-SOUILLE;0.186667;48.116158;2005;13.307384880636604;35.37400298580501;24.55383637572464;12.04541528728472
330;M036151010;L'HUISNE-A-NOGENT-LE-ROTROU-[PONT-DE-BOIS];0.813870;48.318501;2005;2.2511323395225467;7.360790440044826;4.350265309782609;1.4559021095639428
207;M040151010;L'HUISNE-A-CHERRE-[LES-AJEUX];0.642991;48.164215;2005;4.656611718075029;13.56861510048562;8.800516157608696;3.671344671308172
167;M042151010;L'HUISNE-A-MONTFORT-LE-GESNOIS-[LA-PECARDIERE];0.405299;48.041599;2005;6.636990346722243;18.0429098270452;12.536588899637682;5.731296801758886
75;M050061010;LA-SARTHE-A-SPAY-[AMONT];0.144678;47.912708;2005;22.922785245547555;60.16860522525215;42.641033503985504;20.85421429901063
59;M068061010;LA-SARTHE-A-SAINT-DENIS-D'ANJOU-[BEFFES];-0.385897;47.803162;2005;30.898393330807124;79.45178604856183;57.52694300108696;28.679664997801392
351;M102000101;LE-LOIR-A-ALLUYES;1.381421;48.216736;2005;1.332905942023494;3.414267685468808;2.0431648833333336;0.8315319245144742
244;M104161010;LE-LOIR-A-SAINT-MAUR-SUR-LE-LOIR;1.417776;48.151657;2005;2.5605596043956043;6.46085436981696;4.310295960507246;1.981743083180652
103;M112481601;LE-LOIR-A-MOREE;1.212904;47.917568;2005;8.676252283061766;19.11899060739634;14.42039596594203;7.404969217295713
88;M115161010;LE-LOIR-A-VILLAVARD;0.890288;47.759048;2005;11.448861594543388;24.625176429585355;19.237891593115943;10.242310906192744
443;M123303000;LA-BRAYE-[TOTALE]-A-SAVIGNY-SUR-BRAYE;0.803244;47.879627;2005;2.1488984209928006;4.800254485244677;3.89405101268116;2.144443648222792
67;M134161010;LE-LOIR-A-FLEE-[PORT-GAUTIER];0.479911;47.710697;2005;18.19053767449792;39.35093932274935;31.65096719456521;17.0268993198974
55;M153161010;LE-LOIR-A-DURTAL;-0.245142;47.669491;2005;23.95827835051156;51.63680221441912;42.46544581304347;22.937919525467205
460;M304091001;LA-MAYENNE-A-COUTERNE;-0.417185;48.507809;2005;3.644889789314135;10.884432334703028;6.822818113043478;3.1860754342249904
328;M306091010;LA-MAYENNE-A-AMBRIERES-LES-VALLEES-[CIGNE];-0.586379;48.445248;2005;4.946860674876848;14.724267118416138;9.366489771014493;4.376325570538659
463;M313301010;LA-VARENNE-A-SAINT-FRAIMBAULT-[MOULIN-CRINAIS];-0.675493;48.497303;2005;3.2342721762031075;10.03355028726186;6.435868299637681;2.7584520296812016
159;M323091010;LA-MAYENNE-A-SAINT-BAUDELLE;-0.628936;48.281513;2005;12.605725355058734;37.41964837317893;24.124067347101448;11.035157907658483
124;M334091010;LA-MAYENNE-A-L'HUISSERIE-[BONNE];-0.740966;48.012222;2005;16.62523084994316;48.15998538812104;31.577217085144927;14.652199093807257
94;M360091010;LA-MAYENNE-A-CHATEAU-GONTIER;-0.699043;47.817654;2005;21.519042624857903;60.584214074710495;40.19571358949276;19.030466191278855
91;M363091010;LA-MAYENNE-A-CHAMBELLAY;-0.679439;47.689461;2005;22.398951143993937;62.64957054277176;41.70385793949275;19.82831588787101
358;M377181010;L'OUDON-A-CHATELAIS-[MARCILLE];-0.926741;47.774063;2005;3.150228354300872;7.741010847964139;5.319008760869566;2.7603607493587394
221;M385181010;L'OUDON-A-SEGRE-[ECLUSE-DE-MAINGUE];-0.867985;47.685772;2005;5.522926990147783;13.55721097908106;9.421054126811594;4.887223994503481
210;M386181010;L'OUDON-A-ANDIGNE-[PORT-AUX-ANGLAIS];-0.765540;47.667706;2005;5.885518857521789;14.39469265446395;10.033690915579712;5.215577742030048
300;M522201010;LE-LAYON-A-SAINT-LAMBERT-DU-LATTAY-[PONT-DE-BEZIGON];-0.632307;47.316185;2005;3.134784660098522;7.477144209936497;5.445863720652174;2.8882687251740564
1;M530001010;LA-LOIRE-A-MONTJEAN-SUR-LOIRE;-0.861211;47.392303;2005;535.089589624479;1244.2699212618604;1037.4236029079711;564.9149414719677
0;M624001000;LA-LOIRE-[TOTALE]-A-NANTES-[SAINT-FELIX];-1.538868;47.211681;2005;539.3951807101175;1259.877830850579;1058.1185601094203;577.187925534628
335;M711241010;LA-SEVRE-NANTAISE-A-TIFFAUGES-[LA-MOULINETTE];-1.115085;47.019070;2005;5.8401514789693065;17.440649522226373;9.458704864492754;4.1942110487358
212;M730242011;LA-SEVRE-NANTAISE-A-CLISSON;-1.281624;47.090729;2005;8.587928854111407;24.991828411281283;14.089090964130436;6.48075669109564
425;M745301010;LA-MAINE-A-REMOUILLE;-1.371329;47.055702;2005;3.7660681133004927;10.886743883825178;5.892743170652174;2.753759378526933
400;O001004003;LA-GARONNE-A-SAINT-BEAT-[2];0.692109;42.915356;2005;10.110080690791966;14.989719266716472;41.652684211231886;22.700165330157567
153;O020002001;LA-GARONNE-[PARTIELLE]-A-SAINT-GAUDENS-[VALENTINE];0.706151;43.097996;2005;28.366874954149303;49.755827586103855;105.89614070036232;54.89722301026017
154;O020004002;LA-GARONNE-[TOTALE]-A-SAINT-GAUDENS-[VALENTINE---RECENT];0.711438;43.095318;2005;28.583702200833653;50.43308261001121;106.44948785217392;55.432107462440456
436;O039252001;LE-SALAT-A-SOUEIX-ROGALLE-[KERCABANAC-1];1.212371;42.910522;2005;8.088895593406594;16.73334704856182;28.314502628985508;13.94919503591059
260;O050252002;LE-SALAT-A-SAINT-LIZIER-[SAINT-GIRONS];1.140881;42.991501;2005;15.704663614247822;33.45779933246171;52.17534774202898;25.76413341407109
197;O059251001;LE-SALAT-A-ROQUEFORT-SUR-GARONNE;0.973925;43.154442;2005;18.21211027927245;39.55843340418379;58.88934823913044;29.180057890069623
84;O066001001;LA-GARONNE-A-CARBONNE;1.216576;43.290623;2005;51.05913348086397;100.52353790287634;176.64015322173913;91.9607994840601
73;O082001001;LA-GARONNE-A-MURET;1.328315;43.458225;2005;54.405030960591134;108.18219214867388;184.49410639710143;96.0462222594357
261;O120251001;L'ARIEGE-A-QUIE;1.605648;42.846939;2005;11.306285938613112;20.563083853193877;54.78611990652173;24.800953144741666
217;O125251001;L'ARIEGE-A-FOIX;1.609016;42.966625;2005;14.531412154982949;29.76970484796414;66.01224609891304;29.719572068889704
173;O137251002;L'ARIEGE-A-SAVERDUN-;1.577842;43.231949;2005;16.352108394467603;34.079940644378034;70.12041778804348;31.98691963613045
386;O153291001;L'HERS-VIF-A-ROUMENGOUX;1.934243;43.082527;2005;4.365238350511557;11.41528158050056;13.26344419963768;5.537958920850128
216;O166291001;L'HERS-VIF-A-CALMONT;1.595355;43.292484;2005;7.574564852216749;18.458852803511395;20.22796975362319;9.154504997801393
109;O171251001;L'ARIEGE-A-AUTERIVE;1.466145;43.369015;2005;24.644408105342933;53.93189358834516;91.77974938369564;42.116940050567976
92;O188251001;L'ARIEGE-A-PINSAGUEL-[LACROIX-FALGARDE];1.408489;43.498318;2005;27.2041526453202;58.9265344811356;96.7758627097826;45.09128732576036
467;O198431001;LE-TOUCH-A-TOULOUSE-[SAINT-MARTIN-DU-TOUCH];1.376184;43.598682;2005;1.728415163698371;3.354014961150541;3.223694566666667;2.0281395804323927
42;O200001001;LA-GARONNE-A-PORTET-SUR-GARONNE;1.415287;43.526123;2005;83.73216544334974;171.63676988382517;285.7511107992753;144.03041771931112
350;O222251001;L'HERS-MORT-A-TOULOUSE-[PONT-DE-PERIOLE];1.480100;43.627769;2005;2.962795984463812;5.637670005229735;5.140619241666667;3.056067604617076
459;O234401001;LE-GIROU-A-CEPET;1.433759;43.752697;2005;1.947831060629026;3.7197731270078447;3.473644180797101;2.0096428255771346
25;O262002002;LA-GARONNE-A-VERDUN-SUR-GARONNE;1.242179;43.854637;2005;97.27976270708602;198.54114362009716;310.5675537822464;160.6425243580066
329;O288000101;LA-GIMONE-A-GARGANVILLAR-[CASTELFERRUS];1.111183;43.997772;2005;3.09514225198939;6.32294375793799;5.503653743478261;3.495744475998534
21;O290002001;LA-GARONNE-A-SAINT-AIGNAN-[TRES-CASSES];1.078560;44.022640;2005;101.51840789352028;207.27345338139708;318.18356237862315;166.711035644192
409;O312102002;LE-TARN-A-MONTBRUN-[PONT-DE-MONTBRUN];3.496770;44.333019;2005;13.94334451193634;17.296272543892417;13.547865004710143;4.813431325393917
299;O314101001;LE-TARN-A-MOSTUEJOULS-[LA-MUSE];3.222334;44.209538;2005;17.29388187949981;23.53514221479268;18.38763956231884;7.0494240476364975
461;O339403004;LA-DOURBIE-A-MILLAU-[MASSEBIAU-3];3.129373;44.101650;2005;9.819970418719212;15.849033161748224;11.164713107608694;4.138317145840968
131;O347000101;LE-TARN-A-SAINT-VICTOR-ET-MELVIEU-[PINET];2.804362;44.070206;2005;36.06936478552482;58.421418409413526;44.1661524518116;17.567345146940273
83;O402101001;LE-TARN-A-ALBI-[MAS-LASBORDE];2.121113;43.943150;2005;51.87770567032967;95.84410577848338;71.91449522173913;29.27625959069256
301;O422251002;L'AGOUT-A-CASTRES-[TUTELLE];2.261719;43.614868;2005;12.769451635089048;30.78038199738513;19.49726597246377;6.487043065591792
271;O425251001;L'AGOUT-A-CASTRES-[CLOT];2.222054;43.593601;2005;13.59357856801819;33.34216247067613;21.46180264528985;7.30027950274826
444;O439401001;LE-THORE-A-LABRUGUIERE;2.295748;43.534492;2005;6.986773899583175;16.95402145423982;10.734985267753624;3.7579845558812752
146;O469251003;L'AGOUT-A-LAVAUR-[PONT-DE-LAVAUR];1.822910;43.701405;2005;24.97022256460781;59.70516250765783;41.312705907608695;15.851616042506413
478;O475401001;LE-DADOU-A-VENES;2.192137;43.761185;2005;2.628771225464191;7.883867591333582;5.960659275;2.4889983008428
423;O477401001;LE-DADOU-A-MONTDRAGON;2.091662;43.778366;2005;3.521873188707844;9.88393282555099;7.765531006884058;3.447206930743862
352;O479404001;LE-DADOU-A-GRAULHET-[LA-JONQUIERE];1.960869;43.773186;2005;4.100370936718454;11.012457132611132;8.89945828115942;4.071561285086112
48;O493101001;LE-TARN-A-VILLEMUR-SUR-TARN;1.495663;43.880424;2005;84.3349400530504;174.73099138961524;130.64819472826088;53.86289215573471
438;O509252002;L'AVEYRON-A-ONET-LE-CHATEAU-[RODEZ];2.622301;44.362568;2005;4.281612849185298;11.19066147217034;8.804530439130435;3.6826498900696234
277;O519251003;L'AVEYRON-A-VILLEFRANCHE-DE-ROUERGUE-[RECOULES];2.054888;44.348221;2005;7.174766586206896;18.75760823907359;15.138841670289857;6.451908191278856
198;O529251001;L'AVEYRON-A-LAGUEPIE-;1.973650;44.151836;2005;9.685595481242895;24.817872887560704;20.42799394021739;8.97683331366801
267;O548291001;LE-VIAUR-A-PAMPELONNE-[THURIES];2.261293;44.126034;2005;6.640438113300493;18.05874106723945;13.697235810144928;5.837445357640162
275;O548293002;LE-VIAUR-A-SAINT-JUST-SUR-VIAUR-[LE-CAMBON];2.365048;44.123749;2005;6.157465973853732;16.862309204333208;12.664432305072465;5.360773689996336
205;O555291001;LE-VIAUR-A-BOR-ET-BAR-[PONT-DU-DIABLE];2.103330;44.191753;2005;8.651083892383479;23.230946601045947;18.028598980797103;7.776029326126786
199;O557291001;LE-VIAUR-A-LAGUEPIE;1.969239;44.142796;2005;9.053467735126942;24.18853997422488;18.914220455434783;8.199679509710517
121;O560251001;L'AVEYRON-A-LAGUEPIE-;1.953743;44.150688;2005;18.774506779082987;49.08593905715352;39.416269084782606;17.213134124954195
477;O566401001;LE-CEROU-A-MILHARS;1.882609;44.127663;2005;2.583260710875332;6.605981397459843;5.617921797101449;2.6925968442652986
82;O576251001;L'AVEYRON-A-BRUNIQUEL-[MONTRICOUX];1.616616;44.073109;2005;25.586809822281168;65.69695641837879;54.05057602862318;24.41572831879809
77;O588251001;L'AVEYRON-A-MONTAUBAN-[LOUBEJAC];1.340483;44.091553;2005;28.576855368321333;72.15487265072842;60.03590139746377;27.788623414437524
20;O590101002;LE-TARN-A-MOISSAC-[SAINTE-LIVRADE];1.165946;44.117138;2005;115.28153841796134;252.3329749480762;196.3528050126812;84.94948213594724
11;O600001001;LA-GARONNE-A-MALAUSE;0.984613;44.083908;2005;219.61956773361123;466.092608547628;520.5431121942029;255.66177779443015
417;O609000101;L'ARRATS-A-SAINT-ANTOINE;0.852203;44.041309;2005;2.4014037536945816;4.857398940605155;4.155972377173913;2.7066668944668377
10;O614001001;LA-GARONNE-A-LAMAGISTERE;0.830161;44.120140;2005;225.30587958772264;478.3039832517744;531.2227757728261;262.3399766830341
382;O631000101;LE-GERS-A-MONTESTRUC-SUR-GERS;0.629124;43.790760;2005;3.592136089427813;7.969582247291744;7.173441589855073;4.177119076218395
236;O637000201;LE-GERS-A-LAYRAC;0.661122;44.095188;2005;5.442083387646836;11.607074903249906;10.22399842463768;6.240498913521436
336;O662000201;LA-BAISE-A-BEAUCAIRE;0.381249;43.852215;2005;4.174246334975369;9.679817209189393;8.912460808695652;4.850650559179186
481;O687000201;L'OSSE-A-MOUCHAN;0.293593;43.905453;2005;1.75120374801061;3.831983267090026;3.2653953072463766;1.9141611949432027
241;O710151001;LE-LOT-A-BANASSAC-[LA-MOTHE];3.198483;44.442551;2005;11.709744430087154;21.642316599551737;17.119139589855074;7.727691664712349
161;O718151001;LE-LOT-A-ESTAING;2.670735;44.552685;2005;20.7099799204244;44.44781150466941;33.81586617173913;14.490006978746791
189;O723403101;LE-LOT-A-LASSOUTS-[CASTELNAU];2.867022;44.503342;2005;16.366986668056082;32.93038316548375;25.57798772826087;11.266422624770978
448;O737000201;LA-TRUYERE-AU-MALZIEU-VILLE-[LE-SOULIER];3.348015;44.835464;2005;5.055847635089049;11.171669578632798;8.567265042028986;4.000055695492854
178;O760000201;LA-TRUYERE-A-NEUVEGLISE-[GRANDVAL];3.073582;44.923084;2005;13.480563435392192;29.582989007097492;23.974306322826088;12.002573436790032
117;O769251001;LA-TRUYERE-A-ENTRAYGUES-SUR-TRUYERE;2.566537;44.649780;2005;32.72600832701781;76.79977052782966;58.43905864927537;24.886409547819717
140;O769251101;LA-TRUYERE-A-SAINTE-GENEVIEVE-SUR-ARGENCE-[SARRANS];2.731050;44.825897;2005;21.24521962447897;46.5821146163616;37.75629311050725;17.22980856980579
451;O787401001;LE-DOURDOU-A-CONQUES;2.401217;44.587132;2005;4.378823342553998;12.380951613746731;9.392949728260868;3.866092362403811
65;O791151001;LE-LOT-A-LIVINHAC-LE-HAUT;2.231433;44.584370;2005;63.13637237097385;149.9810484990661;112.99930126485508;47.77868999743496
62;O797151001;LE-LOT-A-FAYCELLES;2.015665;44.556522;2005;64.73433836150056;154.9260782106836;116.87928726630436;49.475057006229385
384;O811351001;LE-CELE-A-FIGEAC-[MERLANCON];1.984694;44.588436;2005;6.42555471845396;19.973965382517743;13.41597655543478;5.240035144008795
235;O813352001;LE-CELE-A-ORNIAC-[LES-AMIS-DU-CELE];1.679109;44.520191;2005;9.202142220917017;26.83446743481509;19.115249567391302;7.990708444851594
47;O843000101;LE-LOT-A-CAHORS;1.444115;44.448826;2005;79.864769093975;196.57866375345537;149.02004906847827;64.12722915976548
39;O848153002;LE-LOT-A-VILLENEUVE-SUR-LOT-[55M];0.712488;44.401169;2005;86.42319362523683;213.287977722824;163.65528674565218;72.39177412458776
5;O900001002;LA-GARONNE-A-TONNEINS;0.301147;44.388927;2005;341.7273516813187;759.8523403701905;755.613771123913;373.58100671124953
482;O913401001;L'AVANCE-A-MONTPOUILLAN;0.125963;44.467159;2005;1.9924504615384613;4.622017825177438;3.685873431521739;2.073339263466471
264;O937251001;LE-DROPT-A-SAINT-SULPICE-DE-GUILLERAGUES;0.053306;44.644726;2005;5.156667695339143;11.668877483750467;9.033446979710146;5.007192165628435
274;P018000101;LA-DORDOGNE-A-BORT-LES-ORGUES;2.501482;45.412071;2005;11.22114289541493;27.397160168472173;20.699067473913043;10.005139193477463
89;P138000000;LA-DORDOGNE-A-MONCEAUX-SUR-DORDOGNE;1.929216;45.073204;2005;53.738736385752176;144.1353335024281;104.00520228731884;44.04708432063027
471;P150000101;LA-MARONNE-A-PLEAUX-[ENCHANET];2.194518;45.081059;2005;7.41852547176961;17.927944004856183;12.790249230072464;5.0672324129717845
452;P152000101;LA-MARONNE-A-CROS-DE-MONTVERT-[LES-ESTOUROCS];2.172508;45.081329;2005;7.456263927245169;18.020131129622712;12.860817455797102;5.099993412971784
331;P159251001;LA-MARONNE-A-ARGENTAT-[PONT-DE-BASTEYROUX];1.945769;45.083145;2005;10.86126234823797;27.716344388121037;19.277389641666662;7.733739099670209
70;P163001001;LA-DORDOGNE-A-BRIVEZAC;1.853665;45.010124;2005;65.43344016028799;174.7088084086664;125.25470973804347;52.62406235690729
69;P165001001;LA-DORDOGNE-A-ALTILLAC-[BEAULIEU];1.844209;44.977474;2005;66.05143859719591;176.7191512506537;126.60273549673911;53.19834937119824
255;P196291001;LA-CERE-A-BIARS-SUR-CERE-[BRETENOUX];1.838161;44.916100;2005;15.6378462895036;41.15580391072096;28.60366472391304;10.43601685965555
57;P230001001;LA-DORDOGNE-A-SOUILLAC-[LANZAC];1.484331;44.882462;2005;92.05029654831375;246.78865188942848;177.860625257971;74.19460697838036
52;P238001001;LA-DORDOGNE-A-CENAC-ET-SAINT-JULIEN-[CENAC];1.204297;44.805233;2005;95.07284223721106;254.8803468658947;184.5732437692029;77.72286005899598
415;P248401001;LE-CEOU-A-SAINT-CYBRANET;1.171138;44.789417;2005;3.3379938048503224;8.331376335076579;6.564840930072464;3.5497259926713083
44;P258001001;LA-DORDOGNE-A-SIORAC-EN-PERIGORD;0.990436;44.827076;2005;98.82161331527094;265.47617767575645;193.54914237572467;82.5718112330524
416;P313102001;LA-VEZERE-A-UZERCHE;1.565772;45.427856;2005;8.927914737400531;27.59326822599925;17.722698394927537;7.004720575668744
280;P320102001;LA-VEZERE-A-SAINT-VIANCE;1.451175;45.217876;2005;10.762831969685488;33.74710610459469;21.832397095289856;8.666512486625138
291;P392252002;LA-CORREZE-A-BRIVE-LA-GAILLARDE-[LE-PRIEUR];1.501945;45.162193;2005;10.849602979916636;32.1796883010833;20.859736476086955;8.517215763283254
138;P400101001;LA-VEZERE-A-LARCHE;1.416129;45.123291;2005;26.163676970443348;79.93182816062756;52.408567247826085;21.394783668743127
101;P427101001;LA-VEZERE-A-CAMPAGNE;0.959600;44.903934;2005;32.31286626752558;96.37595364998133;65.42171002608696;27.906639749725173
338;P616151001;L'ISLE-A-MAYAC;0.936674;45.282681;2005;5.736901078438803;18.985047591333583;12.052336364130433;5.076268173689996
305;P616151101;L'ISLE-A-ESCOIRE;0.838358;45.212418;2005;6.327858131868132;20.640878547627945;13.268204083695652;5.652368054965189
429;P634251001;L'AUVEZERE-A-CHERVEIX-CUBAS;1.127403;45.297932;2005;4.74881045585449;15.852215370564064;10.27336752536232;4.160667349212166
314;P638251001;L'AUVEZERE-AU-CHANGE-[AUBAREDE];0.878666;45.194977;2005;6.249210728685108;20.034488180052296;13.452527542028983;5.688792550384756
170;P700151001;L'ISLE-A-BASSILAC-[CHARRIERAS];0.804621;45.202816;2005;12.862921522925353;41.42283968546881;27.322246755072463;11.640817329791131
122;P712151001;L'ISLE-A-MUSSIDAN;0.369856;45.039032;2005;19.665525196286477;59.26798964774001;41.32056896521739;18.511253600586294
113;P718152002;L'ISLE-A-SAINT-LAURENT-DES-HOMMES-[BENEVENT];0.247418;45.027847;2005;20.392845802576733;60.98513463242436;42.79974967717392;19.29556917002565
96;P726151001;L'ISLE-A-ABZAC;-0.126076;45.021729;2005;22.14441602311481;65.44546549981322;46.521084315217394;21.27250378856724
252;P816252001;LA-DRONNE-A-VILLETOUREIX;0.358623;45.260353;2005;6.990760926108375;21.071687800522973;14.095368167753623;6.354838662147307
399;P828401001;LA-LIZONNE-A-SAINT-SEVERIN-[LE-MARCHAIS];0.263457;45.296165;2005;3.2776474698749527;8.736151932760553;6.38828553768116;3.0495654833272257
165;P831252001;LA-DRONNE-A-BONNES;0.151272;45.238476;2005;11.2024995922698;32.210611170713484;22.34897104384058;10.329695992304874
306;Q028003001;L'ADOUR-A-ESTIRAC;0.028681;43.498161;2005;9.389178834406971;23.08436833545013;25.97614647608696;11.36022569256138
223;Q045001001;L'ADOUR-A-CAHUZAC-SUR-ADOUR;-0.019905;43.641090;2005;11.83975207502842;29.47917839185656;31.07441503333333;13.96589243972151
483;Q052252001;L'ARROS-A-GOURGUE;0.259233;43.131531;2005;2.3984214573702163;6.471000097870751;5.872204584782608;2.517821430560645
428;Q061251001;L'ARROS-A-JUILLAC;0.108530;43.544769;2005;4.817017212959454;12.690347689204334;11.205208032608695;5.079938761817515
440;Q061252001;L'ARROS-A-VILLECOMTAL-SUR-ARROS;0.196979;43.400997;2005;4.369334939749906;11.498765749346283;10.25765975942029;4.575495838402345
145;Q074001001;L'ADOUR-A-CORNEILLAN;-0.170390;43.663406;2005;20.03369479045093;50.75385449234217;49.34047012463768;22.943835414437523
484;Q109402001;LE-LARCIS-A-LANNUX;-0.234719;43.647320;2005;4.115918656688139;10.81828410646246;7.611386330072464;3.5926581388787104
93;Q142001001;L'ADOUR-A-AUDON;-0.836261;43.789284;2005;34.538673326259946;89.77155591072095;76.03828734637682;35.621310254305605
485;Q206000101;LE-MIDOUR-A-LAUJUZAN;-0.116998;43.821407;2005;1.6253565759757485;3.768085002241315;3.0061546750000003;1.6636483869549286
418;Q215251001;LA-MIDOUR-A-VILLENEUVE-DE-MARSAN;-0.304305;43.901985;2005;3.3338870257673365;8.08921525401569;6.269934475724639;3.3479380131916456
340;Q219252001;LE-MIDOU-A-MONT-DE-MARSAN;-0.480555;43.897408;2005;4.802897151951497;12.044237424729175;8.939615932971014;4.6383015196042505
486;Q224291001;LA-DOUZE-A-CAZAUBON;-0.081397;43.936649;2005;1.5115996642667675;3.5803946215913336;2.790621986594203;1.4828554642726277
487;Q229291001;LA-DOUZE-A-ROQUEFORT;-0.344486;44.034283;2005;2.5695084172034863;6.453325359357489;4.8708090119565215;2.506549468303408
488;Q235401001;L'ESTAMPON-A-RETJONS;-0.274164;44.083153;2005;1.9636618692686625;5.5503741393350765;3.665145411594203;1.814218761451081
315;Q240291001;LA-DOUZE-A-ROQUEFORT;-0.335097;44.034515;2005;5.350271971201213;14.387074304445276;10.047431011594202;5.053697849395383
163;Q250331001;LA-MIDOUZE-A-MONT-DE-MARSAN-;-0.503095;43.890972;2005;12.464886220538082;33.1150734889802;23.222868841304347;11.743469522535728
137;Q259331001;LA-MIDOUZE-A-CAMPAGNE;-0.659127;43.907635;2005;16.289765022356953;44.08431541464326;29.97363222608696;14.923939360205203
56;Q312001002;L'ADOUR-A-SAINT-VINCENT-DE-PAUL;-0.999457;43.734451;2005;65.37885616900341;171.3317667807247;127.29601936086956;60.06408994210333
489;Q335401001;LE-LUY-DE-BEARN-A-SAINT-MEDARD;-0.619115;43.529778;2005;2.379896552860932;6.0960597923048185;4.352767902898551;2.0436006812019056
247;Q346401001;LE-LUY-A-SAINT-PANDELON;-1.042210;43.676693;2005;12.244390762031072;30.6913217964139;19.26361464384058;8.607443093074385
249;Q480101001;LE-GAVE-DE-PAU-A-SAINT-PE-DE-BIGORRE-[PONT-DE-RIEULHES];-0.142823;43.102623;2005;17.403274626373626;27.489682450877847;58.37346378514492;29.76830144192012
201;Q504101001;LE-GAVE-DE-PAU-A-ASSAT-[PONT-D'ASSAT];-0.307872;43.244423;2005;23.628107995452822;42.140528443780354;72.18221107173913;35.760490576035174
133;Q550101001;LE-GAVE-DE-PAU-A-BERENX-[PONT-DE-BERENX];-0.853240;43.508751;2005;37.35727537703676;77.1904065778857;96.91975192971016;47.60773078123855
258;Q700291001;LE-GAVE-D'OLORON-A-OLORON-SAINTE-MARIE-[OLORON-SNCF];-0.608088;43.199543;2005;26.491567683213336;53.93369228464699;73.8025124884058;28.719667544521805
142;Q741291001;LE-GAVE-D'OLORON-A-ESCOS;-0.993828;43.440449;2005;52.557274639257294;115.6313883145312;121.20198769565216;48.45616913118358
474;R011001002;LA-CHARENTE-A-VOULEME-[GUE-DE-CHAMBE];0.242596;46.086983;2005;3.257831995073892;8.470407564811357;6.225099220652174;3.031693810553316
256;R022001002;LA-CHARENTE-A-AUNAC-[PONT-D'AUNAC];0.239111;45.919582;2005;5.571264339143616;14.490348511766904;10.428148408695652;5.074973853426164
233;R118001001;LA-TARDOIRE-A-COULGENS-[PONT-DE-COULGENS];0.295929;45.812256;2005;7.148804485790072;20.62815211355996;14.473954334420291;6.614133545254672
97;R222001001;LA-CHARENTE-A-VINDELLE-[LA-COTE];0.101979;45.705025;2005;20.11373772603259;53.92427060664924;38.83666390362319;18.50369558995969
87;R314001002;LA-CHARENTE-A-SAINT-BRICE;-0.264212;45.683399;2005;24.54959399242137;64.55209623010833;47.40902680833333;22.86579703774276
455;R411001001;LE-NE-A-SAINT-FORT-SUR-LE-NE;-0.309262;45.574780;2005;2.592809097764305;6.109531411281285;4.470981736956522;2.309129504946867
307;R512331003;LA-SEUGNE-A-SAINT-SEURIN-DE-PALENNE-[LA-LIJARDIERE];-0.533443;45.622421;2005;5.116359708222812;12.719713992528948;8.505525302536231;4.202770052033712
450;R608001003;LA-BOUTONNE-A-SAINT-SEVERIN-SUR-BOUTONNE-[MOULIN-DE-CHATRE];-0.404202;46.079525;2005;3.05581896513831;8.061860795666792;5.564750114492754;2.676592960425064
270;R614291001;LA-BOUTONNE-A-TORXE-[PONT-DE-TORXE];-0.621731;45.954857;2005;5.79119248237969;14.737107717967874;10.270955017753623;5.011964054965189
337;S131501000;LE-CANAL-DES-ETANGS-AU-PORGE;-1.152757;44.840969;2005;5.41129241038272;16.529187281658572;8.384440864130434;4.0775448926346645
190;S224251001;L'EYRE-A-SALLES;-0.871545;44.548130;2005;15.42986209094354;41.96972403847591;22.636681861231885;10.064391029681202
419;S322501001;LE-COURANT-DE-SAINTE-EULALIE-A-SAINTE-EULALIE-EN-BORN-[SERBIAT];-1.151500;44.233719;2005;5.157168025388405;14.080550989914084;7.470488444565217;3.578864418834738
490;U012401001;LE-CONEY-A-FONTENOY-LE-CHATEAU;6.194856;47.972645;2005;3.480213668435013;8.82906835039223;5.543805366666667;2.32778751557347
248;U023001001;LA-SAONE-A-CENDRECOURT;5.931347;47.857529;2005;10.81745820121258;27.599105605528575;18.09546285760869;8.175372924514475
491;U023401001;L'AMANCE-A-RAINCOURT;5.874363;47.854473;2005;3.4903337093596054;8.673263327605527;6.197605896376812;2.943094009893734
272;U047401001;LA-LANTERNE-A-FLEUREY-LES-FAVERNEY;6.076203;47.748356;2005;16.90857213186813;39.69760850803138;24.53452452246377;9.921289030780509
492;U053401001;LE-DURGEON-A-CHARIEZ;6.064123;47.626411;2005;3.541374819628647;8.605631858050057;5.751065048188406;2.6234839582264566
493;U053402001;LE-DURGEON-A-PONTCEY;6.033312;47.635487;2005;3.8297029674118974;9.2811534363093;6.237663266666666;2.8555826738732137
106;U060001001;LA-SAONE-A-SCEY-SUR-SAONE-ET-SAINT-ALBIN-[SAINT-ALBIN];5.970441;47.641777;2005;39.19725476582038;95.14140886850952;62.33611184855072;27.46511447709784
99;U061001001;LA-SAONE-A-RAY-SUR-SAONE;5.826140;47.576527;2005;42.34010866616143;102.503150918192;67.94446463876811;30.182142463906192
494;U072401001;LE-SALON-A-DENEVRE;5.647444;47.569149;2005;2.7252474744221296;7.229573818827045;5.246665029347826;2.295990727372664
71;U082001001;LA-SAONE-A-GRAY;5.590932;47.449650;2005;53.06114624554755;126.32150474112814;86.80882388478261;39.9384422711616
495;U092401001;LA-VINGEANNE-A-SAINT-MAURICE-SUR-VINGEANNE;5.406220;47.577923;2005;3.383008902614627;8.893492422114308;5.970389190217391;2.6848826544521804
406;U092402001;LA-VINGEANNE-A-OISILLY;5.367218;47.421581;2005;4.4462956320575975;10.965699299589092;7.685046568478261;3.602662602784903
320;U104401001;L'OGNON-A-CHASSEY-LES-MONTBOZON-[BONNAL];6.354163;47.507832;2005;15.821705600227356;35.32941841800523;22.16906787898551;9.311147068523267
227;U105401001;L'OGNON-A-BEAUMOTTE-AUBERTANS;6.180890;47.415852;2005;20.612691205380827;46.524340092267465;30.30071832463768;13.263654661780873
162;U108401001;L'OGNON-A-PESMES;5.545017;47.293198;2005;29.34614407768094;67.58163475532312;45.510067517753626;20.32159486112129
51;U112001001;LA-SAONE-A-AUXONNE;5.378932;47.190487;2005;93.89331701818872;217.2669978262981;152.5651895;71.3113662543056
496;U121503001;L'IGNON-A-VILLECOMTE;5.031644;47.514576;2005;2.545412206517621;6.66911310384759;4.810043658695652;2.3986878226456576
372;U122401001;LA-TILLE-A-ARCEAU-[ARCELOT];5.189110;47.373016;2005;6.581476250852595;16.557644315278296;12.03640019927536;5.929821577134481
354;U122402001;LA-TILLE-A-CESSEY-SUR-TILLE;5.217467;47.280052;2005;6.974221752936717;17.190178695554724;12.659868297463769;6.3639748570905095
497;U123502001;LA-NORGES-A-GENLIS;5.220951;47.238178;2005;1.261621250473664;2.537094638027643;1.874322633695652;0.9326155243679004
254;U124404001;LA-TILLE-A-CHAMPDOTRE;5.299577;47.179363;2005;8.737253704054567;20.791730296600672;15.428001025362317;7.701430078417003
498;U131401001;L'OUCHE-A-LA-BUSSIERE-SUR-OUCHE;4.725797;47.210037;2005;2.0505456381205;4.82489919686216;3.728967684057971;1.9519370502015392
499;U131402001;L'OUCHE-A-SAINTE-MARIE-SUR-OUCHE-[PONT-DE-PANY];4.813162;47.296719;2005;2.967872143993937;7.196400642510273;5.4512025221014495;2.818334652986442
392;U132401001;L'OUCHE-A-PLOMBIERES-LES-DIJON;4.980948;47.332535;2005;4.487050030314513;10.942134652222638;8.297038732246376;4.195782670575302
385;U132402001;L'OUCHE-A-DIJON-[TROIS-PONTS];5.036705;47.308895;2005;6.010187472906404;14.73478495218528;10.913604575724635;5.432838205203371
313;U133401001;L'OUCHE-A-TROUHANS;5.279000;47.152924;2005;6.4975103084501695;15.853670286141202;11.86298274347826;5.896147677537559
321;U133402001;L'OUCHE-A-CRIMOLOIS;5.117437;47.266384;2005;6.168848752178856;15.110051741875234;11.21175988768116;5.561384469036277
35;U142001001;LA-SAONE-A-PAGNY-LA-VILLE-[LECHATELET];5.149224;47.066765;2005;113.71126903334596;261.987200757938;188.58837568804347;90.02787701282521
500;U202201001;LE-DOUBS-A-LA-CLUSE-ET-MIJOUX-[PONTARLIER-AMONT];6.364650;46.881340;2005;10.67984826828344;18.077198617482257;19.24772749963768;7.882099801392452
501;U202202001;LE-DOUBS-A-DOUBS;6.348005;46.927776;2005;10.777946814702538;18.24877695330594;19.417796236231883;7.95415042543056
389;U210201001;LE-DOUBS-A-VILLE-DU-PONT;6.476524;47.000935;2005;15.823764580143996;27.71811426036608;27.59041512137681;11.8119972139978
411;U210202001;LE-DOUBS-A-ARCON;6.384900;46.947041;2005;14.839814101174689;26.053002336944346;25.85614674311594;11.047038934774642
273;U211201001;LE-DOUBS-A-FOURNET-BLANCHEROCHE-[LA-RASSE];6.842972;47.154846;2005;23.63355119249716;40.16914952857677;42.231815363405794;17.969172142543055
266;U212201001;LE-DOUBS-A-GOUMOIS;6.950479;47.271633;2005;28.30555546798029;47.79131548785954;50.423749472101456;21.68147666141444
228;U214201001;LE-DOUBS-A-GLERE-[COURCLAVON];7.025987;47.343960;2005;30.856748341796138;52.61996805902129;54.772223831521735;23.934763910223527
209;U220201001;LE-DOUBS-A-SOULCE-CERNAY;6.858614;47.326199;2005;32.800627803713525;56.53040525214793;57.88272500543478;25.56546851740564
439;U221502001;LE-DESSOUBRE-A-SAINT-HIPPOLYTE;6.794074;47.305237;2005;11.86270453884047;21.847632599178183;18.83600020072464;9.343723313301576
155;U222201001;LE-DOUBS-A-MATHAY;6.785878;47.440376;2005;47.55690277415688;84.37282984497571;81.4028667615942;37.2411488442653
365;U233401001;L'ALLAN-A-FESCHES-LE-CHATEL;6.880825;47.523273;2005;9.23682759795377;20.887437361598806;14.897508985144926;7.19314244778307
250;U235401001;L'ALLAN-A-COURCELLES-LES-MONTBELIARD;6.772998;47.500565;2005;17.592451879499812;39.409258849458354;26.429725735869564;11.960025093074387
110;U240201001;LE-DOUBS-A-VOUJEAUCOURT;6.761440;47.478615;2005;67.56118296059114;129.15849867725066;111.76052707789856;51.20749195749359
98;U241201001;LE-DOUBS-A-CLERVAL;6.502831;47.381573;2005;70.83387387040545;136.80200444004484;117.50963612173912;54.04714655148406
502;U242526001;LE-CUSANCIN-A-BAUME-LES-DAMES;6.373433;47.337982;2005;6.25142723342175;13.176373965259618;9.551398648913043;4.74757381238549
90;U251201001;LE-DOUBS-A-BESANCON;6.029963;47.240273;2005;80.59108366085638;158.21172350616362;133.13966146231883;61.75147396628802
79;U254201001;LE-DOUBS-A-ROCHEFORT-SUR-NENON;5.562372;47.122799;2005;85.23683101477832;171.21085193500187;143.34835202971013;66.19437928984976
76;U255201001;LE-DOUBS-A-DOLE;5.492604;47.088661;2005;85.52787203902994;172.20125023234965;144.22053414130434;66.52086942616343
503;U260403001;LA-LOUE-A-VUILLAFANS;6.227220;47.055504;2005;8.022227663129973;15.712376485618227;12.141757798550724;6.112527159399048
242;U262401001;LA-LOUE-A-CHENECEY-BUILLON;5.957065;47.139351;2005;21.352344736642667;43.79260881098244;32.11306095978261;16.569774230120924
213;U263401001;LA-LOUE-A-CHAMPAGNE-SUR-LOUE;5.814983;47.043549;2005;24.93569908033346;51.81291520171834;37.52598323442029;19.254980821546354
214;U263402001;LA-LOUE-A-PORT-LESNEY;5.823258;47.004227;2005;24.836555619552865;51.588218164736645;37.372686405434784;19.175963644192013
182;U265401001;LA-LOUE-[TOTALE]-A-PARCEY;5.496705;47.014584;2005;29.238956899583176;62.57757312065745;45.57458981195652;22.56599420886772
60;U272201001;LE-DOUBS-A-NEUBLANS-ABERGEMENT;5.350736;46.922497;2005;118.6650717260326;245.7843540900261;198.9802879619565;92.97667504323928
58;U273201001;LE-DOUBS-A-NAVILLY;5.150351;46.939640;2005;120.70946437589996;251.48922147590588;204.22343257608696;95.23906779113229
283;U303401001;LA-DHEUNE-A-PALLEAU;5.029409;46.951900;2005;5.639150755589238;13.65972747553231;10.452768914492754;4.850177413338219
18;U310001002;LA-SAONE-A-VERDUN-SUR-LE-DOUBS;5.022753;46.902096;2005;235.2013714679803;516.5465415431454;397.92656288768114;187.82420345987543
15;U312001001;LA-SAONE-A-CHALON-SUR-SAONE;4.875048;46.788010;2005;242.06236702084124;533.7648627885693;413.09177302246377;194.84663658739467
504;U321401001;LA-GROSNE-A-JALOGNY-[CLUNY];4.648603;46.404156;2005;2.352254362258431;5.7215679548001495;4.37276808115942;2.2970611945767683
505;U322501001;LA-GUYE-A-SIGY-LE-CHATEL-[CORCELLES];4.563819;46.557777;2005;1.6790264137931032;3.998571237205828;3.140086526811594;1.61830534078417
302;U323401001;LA-GROSNE-A-SERCY;4.695129;46.600681;2005;5.94579866502463;14.006250258871871;11.092319061956522;5.817773688530597
14;U331001001;LA-SAONE-A-TOURNUS;4.917976;46.555481;2005;251.95012481129217;558.6272155737767;435.93031040108696;205.93515583400517
475;U341503001;LA-BRENNE-A-SENS-SUR-SEILLE-[L'ESTALET];5.292467;46.749084;2005;3.850948409624858;8.418407032499067;6.218152520652174;2.826511084279956
343;U342401001;LA-SEILLE-A-SAINT-USUGE;5.258379;46.674103;2005;10.464256717317166;22.30032881509152;15.852159898550726;7.604899094540124
175;U346401001;LA-SEILLE-A-LOUHANS;5.219372;46.629662;2005;23.25225726487306;48.14273661075831;34.55996051775362;16.703814881275193
506;U462401001;L'AZERGUES-A-CHATILLON;4.643270;45.874210;2005;3.1699602269799168;7.1085047295480015;5.522822889130435;2.7512367277390988
342;U464401001;L'AZERGUES-A-LOZANNE;4.687613;45.858585;2005;6.871813640773019;13.969669650728424;11.158824448188406;5.734963156834005
13;U470001001;LA-SAONE-A-TREVOUX;4.773080;45.939198;2005;312.7155109863585;671.6178405498692;530.7161200413043;257.8125171348479
12;U472002001;LA-SAONE-A-LYON-[PONT-LA-FEUILLEE];4.829400;45.766388;2005;315.69305824062144;674.7332393089279;534.4865958086956;260.831579467937
470;V003201001;L'ARVE-A-SALLANCHES;6.641935;45.940460;2005;15.422302812428953;11.852172612626074;34.05225527246377;46.693428500916085
187;V022000202;L'ARVE-A-ARTHAZ-PONT-NOTRE-DAME;6.271046;46.149887;2005;42.35809118832891;50.85886472992155;97.9631521384058;83.55507312422132
40;V100001001;LE-RHONE-A-POUGNY;5.963665;46.143959;2005;239.8934662989769;239.3947847459843;468.9561618177536;649.5050354972518
37;V102002100;LE-RHONE-A-INJOUX-GENISSIAT-[BOGNES];5.809058;46.038044;2005;254.07866068131867;264.61294038662686;494.35192652427537;659.3754588798095
215;V126402301;LE-FIER-A-VALLIERES;5.920362;45.901272;2005;27.08927719514968;46.703254181546505;57.40884928731884;28.50129268303408
507;V131502001;LA-LEYSSE-A-LA-MOTTE-SERVOLEX-[PONT-DU-TREMBLAY];5.873078;45.628178;2005;6.405107354679803;11.975155202465446;11.450499539855072;5.921521516306339
374;V177401001;LA-BOURBRE-A-TIGNIEU-JAMEYZIEU;5.159142;45.715263;2005;8.285808411519515;12.672076110197985;10.716911196376811;5.0527028175155735
396;V220201000;L'AIN-A-MARIGNY-[CHALAIN];5.766919;46.685928;2005;20.023303557029177;36.21416170265223;30.34829610978261;13.43556018504947
362;V220202001;L'AIN-A-CHATILLON;5.740813;46.654396;2005;20.51219839749905;37.219290641763166;31.047651553985503;13.771606602784903
251;V232000000;L'AIN-A-CERNON-[VOUGLANS];5.665394;46.397175;2005;32.128983721864344;59.57188838812104;47.4885143557971;21.287006516306334
508;V244401001;LA-BIENNE-A-CHASSAL;5.802221;46.365623;2005;17.881725363016294;28.4987693459096;31.360829239492755;11.659415546353976
395;V244402001;LA-BIENNE-A-JEURRE;5.706154;46.362728;2005;21.083561690034102;35.02374850915204;36.63758940615942;14.07303790326127
359;V244403001;LA-BIENNE-A-CHANCIA;5.646654;46.343410;2005;22.431392141341416;37.80510406275682;38.7397906942029;15.047041621106631
509;V262401000;LA-VALOUSE-A-THOIRETTE-[CHALEA];5.517544;46.272648;2005;6.316160322091701;12.593985012327233;8.612795927173913;4.056163464639062
129;V271201001;L'AIN-A-PONT-D'AIN;5.336428;46.047081;2005;74.98161825843123;136.41269436757565;115.16824096050723;49.03998298497618
510;V281402001;LE-SURAN-A-NEUVILLE-SUR-AIN-[LA-PLANCHE];5.390420;46.111992;2005;6.548560484274347;13.07479905864774;8.715065704710144;4.215836902161964
511;V281403001;LE-SURAN-A-PONT-D'AIN;5.327384;46.064167;2005;6.950631199317924;13.827005072842734;9.28160552536232;4.482995709417369
512;V293401001;L'ALBARINE-A-SAINT-DENIS-EN-BUGEY-[PONT-SAINT-DENIS];5.331761;45.954746;2005;8.031306417961348;14.249988925289502;11.800163919927536;4.395021590692561
102;V294201001;L'AIN-A-CHAZEY-SUR-AIN;5.234015;45.906387;2005;92.99462247063282;170.22070582032126;140.99283229746376;60.07792943898864
16;V300002001;LE-RHONE-A-LYON-[PONT-MORAND];4.838586;45.768227;2005;451.99803344903376;616.7024758599177;803.1835506728262;818.2271961861487
513;V311401001;LE-GIER-A-RIVE-DE-GIER;4.648208;45.540688;2005;3.0218615293671847;4.413866065745237;4.299083818115942;2.6157919549285453
514;V312401001;LE-GIER-A-GIVORS;4.739749;45.579578;2005;3.517176882152331;5.111399447515876;4.878767973188406;2.909096571637962
515;V322401001;LA-GERE-A-PONT-EVEQUE-[CANCANE];4.902096;45.529144;2005;3.800842851837817;5.516896859544266;4.566597955797102;2.3406581407108837
516;V322402001;LA-GERE-A-JARDIN-[PONT-DE-MALISSOL];4.923831;45.516228;2005;2.9340304300871543;4.331501267837131;3.565970514855073;1.7624628270428728
517;V342431001;LE-RIVAL-A-BEAUFORT;5.120518;45.335800;2005;6.647037467222433;10.45597241800523;8.74980260978261;4.081493274825943
394;V343401001;LES-COLLIERES-A-SAINT-RAMBERT-D'ALBON;4.812966;45.298870;2005;10.686789947328531;15.568174895031753;13.509804261231883;7.494717108464639
518;V372401001;LE-DOUX-A-COLOMBIER-LE-VIEUX;4.732468;45.058472;2005;6.922145489200455;8.486272879716099;6.67605952826087;3.164595060095273
398;V374401001;LE-DOUX-A-TOURNON-SUR-RHONE;4.780872;45.066967;2005;8.537569046608565;10.293083703399327;8.086144578623188;3.876540296445584
519;V413000101;L'EYRIEUX-A-BEAUVENE-[PONT-DE-CHERVIL];4.539326;44.874821;2005;11.86533537248958;13.487286536047812;10.387807847101447;4.101879253939172
420;V415401001;L'EYRIEUX-AUX-OLLIERES-SUR-EYRIEUX;4.615584;44.811279;2005;17.195356051913603;19.43407942323497;14.289839878985507;5.800251723341884
246;V426401001;LA-DROME-A-SAILLANS;5.208735;44.690075;2005;15.418996600227358;25.3555186989167;27.748764380797105;12.674813330157567
402;V501401001;L'ARDECHE-A-VOGUE;4.409781;44.542564;2005;23.105775025767336;24.44445942883825;16.51825449782609;6.461377975448882
520;V501404001;L'ARDECHE-A-PONT-DE-LABEAUME;4.290804;44.666256;2005;14.395546377036757;15.064930397833397;10.707214998550723;4.161695354708685
480;V504503001;LE-CHASSEZAC-A-GRAVIERES;4.091353;44.425606;2005;18.30260374763168;19.054219983190137;14.128594846014494;5.000540750091608
476;V504881401;LE-CHASSEZAC-A-CHAMBONAS-[LES-BERTRONNES];4.118637;44.420010;2005;20.34638202500948;21.189733656331715;15.373994625724636;5.461151021253206
166;V505401001;L'ARDECHE-A-VALLON-PONT-D'ARC;4.384814;44.399311;2005;61.89014892231906;67.41797677923047;45.35320703188406;17.82262304323928
152;V506401001;L'ARDECHE-A-SAINT-MARTIN-D'ARDECHE-[SAUZE-SAINT-MARTIN];4.551118;44.314003;2005;65.81086791019325;72.50637634703027;48.67551776050725;19.48261763576401
521;V532401001;L'AYGUES-A-SAINT-MAY-[PONT-DE-LA-TUNE];5.298002;44.434605;2005;5.552028045471769;8.969134936496078;7.1963502242753625;3.4520931304507143
237;V547000000;LA-CEZE-A-CHUSCLAN;4.684633;44.146667;2005;20.173290834785902;24.58651798356369;15.790241873913043;6.856651233418835
265;V547401001;LA-CEZE-A-LA-ROQUE-SUR-CEZE;4.526653;44.189659;2005;19.19598124175824;23.481699230481883;15.084747992753622;6.529654504580432
430;V605201001;L'OUVEZE-A-VAISON-LA-ROMAINE;5.069544;44.239475;2005;5.956873373626373;9.146071476652969;7.320348499275362;3.551213448882374
522;V713501001;LE-GARDON-DE-SAINT-JEAN-A-CORBES-[ROC-COURBE];3.961011;44.074028;2005;7.706171665782493;9.241588657825924;5.579363055072464;1.807846182117992
447;V714401001;LE-GARDON-D'ANDUZE-A-ANDUZE-[SOUS-LE-PONT-DU-TRAIN];3.984512;44.061275;2005;16.69911716104585;19.917921989166977;12.101042293478262;3.808163178820081
196;V718501801;LE-GARD-A-SANILHAC-SAGRIES-[LA-BAUME];4.429600;43.938702;2005;34.38596796248579;42.19303471834143;25.74095573586956;9.400257532795896
304;W011001001;L'ISERE-A-MOUTIERS;6.530827;45.484295;2005;13.791668602122016;10.12230976989167;48.13107646231884;36.859309659582266
195;W030000201;L'ISERE-A-AIGUEBLANCHE;6.513498;45.496586;2005;22.749245407351268;17.367426098617855;82.20180104746377;60.81241794943203
403;W102000200;L'ARC-A-BRAMANS;6.765037;45.224216;2005;7.05596971580144;3.6085094796413895;25.001668831521737;22.6979876896299
293;W103000301;L'ARC-A-SAUSSAZ;6.515898;45.210785;2005;10.44775325994695;6.544476156144938;39.0815996268116;31.23194843092708
202;W106000301;L'ARC-A-HERMILLON;6.353492;45.297501;2005;16.07967790299356;13.132923657452372;63.22460198442029;42.76428332832539
177;W107401001;L'ARC-A-EPIERRE;6.292169;45.460289;2005;21.622504381962862;19.35067320881584;79.76304622391304;53.36932949541957
181;W107403100;L'ARC-A-SAINT-REMY-DE-MAURIENNE;6.274518;45.389496;2005;20.501876964001514;17.603824290997384;76.43591244927536;51.57907584060096
86;W110001001;L'ISERE-A-CHAMOUSSET-[PONT-ROYAL];6.199659;45.562351;2005;67.68749694353922;71.71448176540903;233.7177855619565;151.1247349292781
80;W111001001;L'ISERE-A-MONTMELIAN;6.055664;45.496269;2005;70.2633931303524;78.29859372207694;240.30379515398556;154.69333879406378
68;W141001001;L'ISERE-A-GRENOBLE;5.724998;45.192989;2005;87.24057165479348;105.66643119275308;275.61424092463767;179.06162356504214
281;W222000101;LE-DRAC-A-CORPS-[LE-SAUTET];5.907666;44.817429;2005;15.96608068927624;16.847501967874486;42.02509359528985;20.03162608941004
278;W276721100;LA-ROMANCHE-AU-BOURG-D'OISANS-[CHAMPEAU];5.976716;45.117748;2005;17.84384911557408;13.422194505416511;53.34331728985507;42.70335624697692
108;W283201001;LE-DRAC-AU-PONT-DE-CLAIX;5.697007;45.119740;2005;54.30135402122016;64.3427217814718;149.1130138365942;87.10357503627702
105;W283201100;LE-DRAC-A-FONTAINE;5.694488;45.202091;2005;55.32873046608564;66.48003403212552;150.90707881775364;88.20640951813851
45;W302000301;L'ISERE-A-VEUREY-VOROIZE;5.620838;45.272011;2005;146.13640080030316;178.6210648027643;432.88707679021735;272.06508023012094
43;W320001001;L'ISERE-A-SAINT-GERVAIS-[LE-PORT];5.466768;45.208027;2005;151.88360234823796;187.9572762390736;440.3313813326087;278.50893191681934
523;W333521201;LA-VERNAISON-A-PONT-EN-ROYANS;5.342827;45.059315;2005;4.949722917014021;7.7987738797161;11.446364886594203;4.190443902161964
344;W334000100;LA-BOURNE-A-SAINT-JUST-DE-CLAIX-[PONT-DE-MANNE];5.280682;45.060986;2005;12.396279424024252;19.503870430332466;26.724760123550727;10.925145068156834
33;W354001000;L'ISERE-A-BEAUMONT-MONTEUX;4.912853;45.016140;2005;178.06807105570292;225.79280718901757;481.7254600768116;302.9354007988274
446;X001561301;LA-DURANCE-A-BRIANCON-[AVAL];6.624135;44.885620;2005;6.695640843501326;5.491547946581995;24.96050060217392;11.14472663832906
285;X013001001;LA-DURANCE-A-L'ARGENTIERE-LA-BESSEE;6.559353;44.776585;2005;10.917653521030694;9.02633406910721;38.11978299275362;20.80031950054965
156;X031001001;LA-DURANCE-A-EMBRUN-[LA-CLAPIERE];6.498010;44.555355;2005;25.068793901477832;22.26710586290624;86.82138337608696;41.933320126419936
445;X043401001;L'UBAYE-A-BARCELONNETTE-[ABATTOIR];6.652322;44.384155;2005;5.372001960591133;4.128764482629809;20.46936760724638;8.104606617075852
288;X045401001;L'UBAYE-AU-LAUZET-UBAYE-[ROCHE-ROUSSE];6.399014;44.449459;2005;9.237534644941263;8.261201135973105;32.64403578369566;12.477341739098572
104;X050551301;LA-DURANCE-A-ESPINASSES-[SERRE-PONCON];6.280931;44.475163;2005;37.57692633762789;34.95004103660814;127.7524242057971;58.32695124734335
524;X102691501;LE-PETIT-BUECH-A-VEYNES;5.825285;44.528168;2005;3.499299702917772;5.43061618341427;8.512691763405797;2.8883758783437155
366;X103402001;LE-BUECH-A-SERRES-[LES-CHAMBONS];5.713127;44.441177;2005;8.73868267525578;14.2558436391483;18.45723431485507;6.655642205569805
253;X104000301;LE-BUECH-A-LARAGNE-MONTEGLIN;5.821692;44.307854;2005;12.750894593785524;21.533397972357115;24.04636878333333;9.24292782594357
64;X113000101;LA-DURANCE-A-ORAISON-[ESCALE];6.012838;44.086594;2005;67.88627137097384;89.84947486290623;183.42665165471016;81.19432964639061
53;X131001001;LA-DURANCE-A-LA-BRILLANNE-[ANCIENNE-PRISE];5.893978;43.934662;2005;78.380477160288;107.36787531378408;202.9602687358696;90.51861276914622
525;X142000101;L'ASSE-A-BEYNES-[CHABRIERES];6.252673;44.015224;2005;3.1647610068207657;6.301347067239447;6.042549817391304;2.8878481982411137
435;X220202001;LE-VERDON-A-SAINT-ANDRE-LES-ALPES-[PONT-DE-MEOUILLES];6.517955;43.960888;2005;7.940260361121637;9.303735090399702;18.569040579347828;7.41876050677904
391;X220202201;LE-VERDON-A-DEMANDOLX-[CASTILLON];6.537015;43.879478;2005;8.633480137931034;10.65212685095256;19.78014708768116;8.007622770611945
194;X260201001;LE-VERDON-A-SAINTE-CROIX;6.134142;43.736835;2005;18.52535541341417;27.72966485580874;33.40206970362319;14.31088768559912
174;X281121101;LE-VERDON-A-VINON-SUR-VERDON-[VINON-GREOUX];5.826040;43.730083;2005;21.358930062144758;32.17893096115054;37.51620459130434;16.55144089556614
34;X300101301;LA-DURANCE-A-CADARACHE;5.731108;43.711422;2005;110.1014132663888;158.46943456182294;256.9091435188405;115.86297031513377
31;X302001001;LA-DURANCE-A-MEYRARGUES-[PONT-PERTUIS];5.494158;43.665951;2005;112.25747833118606;162.14073738401197;260.02710272028986;117.9640332477098
30;X331001001;LA-DURANCE-A-CAVAILLON;5.032432;43.827488;2005;116.6010938154604;168.96906268808368;265.5754502739131;121.87600488750458
326;X348402001;LE-COULON-A-OPPEDE-[LA-GARRIGUE];5.161316;43.858028;2005;6.944347001894657;11.884847136720207;8.839614541666668;4.113636649322096
363;Y028406001;LE-TECH-A-ARGELES-SUR-MER-[PONT-D'ELNE];2.984878;42.585445;2005;8.826159079575596;10.42085357265596;11.250137576449276;6.529649151703921
465;Y043401001;LA-TET-A-CORNEILLA-DE-CONFLENT-[VILLEFRANCHE-DE-CONFLENT];2.362296;42.584602;2005;4.412053130731338;6.636740458348898;14.31200403442029;5.917571237083181
327;Y044401001;LA-TET-A-MARQUIXANES;2.487207;42.645119;2005;6.925844130731338;10.571976432947327;19.768558366304347;8.40097720117259
290;Y046402001;LA-TET-[TOTALE]-A-VINCA;2.547460;42.656860;2005;7.002608464569913;10.675601163615989;19.85492292427536;8.442285557713447
286;Y046403002;LA-TET-[TOTALE]-A-RODES;2.561791;42.660912;2005;7.404721888973096;11.306842632797908;20.41496331268116;8.70138625064126
309;Y066404001;L'AGLY-A-ESTAGEL-[MAS-DE-JAU];2.730147;42.778240;2005;6.033874381962865;11.291749168845724;10.886818421014492;4.487531046537193
378;Y111201001;L'AUDE-A-BELVIANES-ET-CAVIRAC;2.195377;42.856312;2005;4.721081733990148;11.861749708255507;19.00422845144928;7.532410547819714
180;Y123201002;L'AUDE-A-CARCASSONNE-[PONT-NEUF];2.361734;43.215633;2005;10.080588515725657;23.612465627941724;30.583568676811595;13.189593013924515
294;Y136401001;LE-FRESQUEL-A-CARCASSONNE-[PONT-ROUGE];2.372370;43.238445;2005;4.522553498294808;11.779040783713112;9.44521045326087;4.358110340051301
361;Y136402001;LE-FRESQUEL-A-PEZENS;2.263288;43.255459;2005;4.260119934065934;11.305955171834142;8.938744750362318;4.078200050567974
118;Y142201001;L'AUDE-A-PUICHERIC;2.626561;43.221893;2005;17.464745151572565;42.718574679865526;46.12996962282609;20.150675057530236
431;Y156401001;L'ORBIEU-A-LUC-SUR-ORBIEU;2.780684;43.181885;2005;3.803157223948465;6.148148902502802;5.338000279347826;2.4588468578233784
353;Y210002001;L'HERAULT-A-LAROQUE;3.735832;43.915405;2005;22.328728102311484;27.598460665296976;17.247919419927534;5.8713471069989005
257;Y213001001;L'HERAULT-A-CAUSSE-DE-LA-SELLE-[MOULIN-DE-BERTRAND];3.664943;43.807499;2005;26.148102743842365;33.33239323907359;20.632500255434785;7.294153568340051
259;Y213001002;L'HERAULT-A-PUECHABON;3.618590;43.746391;2005;26.6556328685108;34.180188202465445;21.156566197826088;7.51982939428362
169;Y230002001;L'HERAULT-A-ASPIRAN;3.470101;43.570381;2005;38.16602710875331;52.43125259208069;32.22675206268116;11.951675910956396
143;Y237001001;L'HERAULT-A-FLORENSAC;3.447875;43.384670;2005;42.84819039408867;60.607833641763165;37.25325474782608;14.481322086112128
134;Y237002001;L'HERAULT-A-AGDE-[BASSIN-ROND];3.477855;43.325977;2005;42.821280919666535;61.00854482592454;37.59684133152174;14.6658181854159
308;Y255001002;L'ORB-A-VIEUSSAN-[VIEUSSAN-AVAL];2.986112;43.534275;2005;17.489022226979916;31.05187911580127;18.56142408695652;5.891974051667277
219;Y258001002;L'ORB-A-BEZIERS-[TABARKA];3.175998;43.370689;2005;21.114187465327777;37.17514789204333;22.75296494710145;7.789847324294613
449;Y345402001;LE-VIDOURLE-A-SALINELLES-[MOULIN-DE-RUNEL];4.068202;43.822258;2005;8.21163212580523;11.059314019424727;6.827328447826087;2.969518511176255
341;Y346401001;LE-VIDOURLE-[VIDOURLE-AVAL]-A-MARSILLARGUES;4.181136;43.667839;2005;10.415814983327015;14.512667534553604;9.060553688768117;4.042555015023819
413;Y412201001;L'ARC-A-AIX-EN-PROVENCE-[SAINT-PONS];5.348438;43.506313;2005;3.161485255778704;4.868616282032126;3.5907596510869566;1.9273542323195312
347;Y412202001;L'ARC-A-BERRE-L'ETANG-[MAURAN];5.132427;43.504814;2005;3.822170885562713;5.718133902876354;4.222606307608696;2.2977952905826307
393;Y412204001;L'ARC-A-AIX-EN-PROVENCE-[ROQUEFAVOUR-BRUET];5.313526;43.516376;2005;3.4355428370594923;5.2445069447142325;3.8706771818840577;2.0867751542689628
648;Y442404001;L'HUVEAUNE-A-AUBAGNE-[LE-CHARREL];5.556903;43.289532;2005;1.7255749132247065;2.9601149757190885;1.9331183347826089;0.9893297951630634
462;Y462401001;LE-GAPEAU-A-HYERES-[SAINTE-EULALIE];6.149730;43.147114;2005;4.794070961727927;9.073277743742995;5.079513760869565;2.310095726273361
405;Y503202001;L'ARGENS-A-CARCES-[AMONT];6.166256;43.468983;2005;4.529433475179992;7.596218654837505;5.368651364130435;2.604856729204837
238;Y511201001;L'ARGENS-A-CARCES-[AVAL];6.196161;43.477856;2005;8.882870182644941;15.433692664176316;10.196497383333334;4.826703493587395
184;Y520201001;L'ARGENS-AUX-ARCS;6.471790;43.446491;2005;12.64067166502463;21.96007529435936;15.022607853260867;7.113234135947233
136;Y531201001;L'ARGENS-A-ROQUEBRUNE-SUR-ARGENS;6.633064;43.449749;2005;19.041220706328158;34.009361677624206;22.792930349275363;10.738341233418836
466;Y553403001;LA-SIAGNE-A-PEGOMAS;6.927667;43.589577;2005;5.655440610079575;9.922451746357863;6.900515169565218;2.9063875485525834
458;Y553404001;LA-SIAGNE-A-MANDELIEU-LA-NAPOULE-[LA-TOUR];6.945419;43.565132;2005;5.70149411784767;10.04546788868136;6.998730340217392;2.946534617075852
383;Y604201001;LE-VAR-A-ENTREVAUX-[PONT-LEVIS];6.810132;43.949356;2005;8.533031136036378;11.518844522973476;17.404556963405795;7.232524469402712
373;Y623402401;LA-TINEE-A-LA-TOUR-[PONT-DE-LA-LUNE];7.165679;43.937992;2005;11.814723556650248;11.42046534292118;25.872755160869566;10.5449651366801
172;Y624000101;LE-VAR-A-MALAUSSENE-[LA-MESCLA];7.194341;43.908794;2005;25.655618663508907;32.23157432050803;52.270930758333336;21.5353850190546
127;Y644000000;LE-VAR-A-CARROS-[PONT-DE-LA-MANDA];7.204444;43.765137;2005;38.253513371731714;50.76889723048188;72.30565761884058;30.508459305240013
126;Y644201001;LE-VAR-A-NICE-[PONT-NAPOLEON-III];7.200065;43.664925;2005;38.46974546646457;51.38162506126261;72.84870378297101;30.995628427262734
295;Y721000101;LE-GOLO-A-VOLPAJOLA-[BARCHETTA];9.372317;42.506649;2005;11.733319693823418;24.24772039223011;21.124532030434786;6.826640566141444
433;Y911000203;LE-TAVIGNANO-A-ANTISANTI-;9.376740;42.182514;2005;7.143823034103827;14.556931513634664;13.105771845289857;4.292045502381825
